IDXCode,Company_Name,symbol,shortName,longName,original_index,reference_riskLevel,predicted_riskLevel,predicted_riskLevel_encoded,proba_High Risk,proba_Low Risk,proba_Medium Risk,max_proba,margin,entropy_norm,is_uncertain_max_proba,is_uncertain_margin,is_uncertain_entropy,is_uncertain
A001.JK,Company A001in Chemicals,ADMG.JK,Polychem Indonesia Tbk,PT. Polychem Indonesia Tbk,0,Low Risk,Low Risk,1,0.046960227,0.89864045,0.054399356,0.89864045,0.8442411,0.3623151723623898,False,False,False,False
A002.JK,Company A002in Chemicals,AGII.JK,Samator Indo Gas Tbk.,PT Samator Indo Gas Tbk,1,Low Risk,Low Risk,1,0.049193565,0.8673284,0.08347795,0.8673284,0.78385043,0.43592654642964546,False,False,False,False
A003.JK,Company A003in Farm Products,AALI.JK,Astra Agro Lestari Tbk.,PT Astra Agro Lestari Tbk,2,High Risk,High Risk,0,0.91476744,0.039794892,0.045437627,0.91476744,0.8693298,0.3188189170897302,False,False,False,False
A004.JK,Company A004in Publishing,ABBA.JK,Mahaka Media Tbk.,PT Mahaka Media Tbk,3,High Risk,High Risk,0,0.8780324,0.036087885,0.08587979,0.8780324,0.7921526,0.4049674448545089,False,False,False,False
A005.JK,Company A005in Insurance - Property & Casualty,ABDA.JK,Asuransi Bina Dana Arta Tbk.,PT Asuransi Bina Dana Arta Tbk,4,Medium Risk,Medium Risk,2,0.14491902,0.06030631,0.79477465,0.79477465,0.6498556,0.5751247848472739,False,False,False,False
A006.JK,Company A006in Thermal Coal,ABMM.JK,ABM Investama Tbk.,PT ABM Investama Tbk,5,Low Risk,Low Risk,1,0.046960227,0.89864045,0.054399356,0.89864045,0.8442411,0.3623151723623898,False,False,False,False
A007.JK,Company A007in Specialty Retail,ACES.JK,Aspirasi Hidup Indonesia Tbk.,PT Aspirasi Hidup Indonesia Tbk,6,High Risk,High Risk,0,0.91476744,0.039794892,0.045437627,0.91476744,0.8693298,0.3188189170897302,False,False,False,False
B008.JK,Company B008in Chemicals,BRPT.JK,Barito Pacific Tbk.,PT Barito Pacific Tbk,7,Low Risk,Low Risk,1,0.046960227,0.89864045,0.054399356,0.89864045,0.8442411,0.3623151723623898,False,False,False,False
A009.JK,Company A009in Apparel Manufacturing,ACRO.JK,Samcro Hyosung Adilestari Tbk.,,8,Medium Risk,Medium Risk,2,0.062171247,0.058067963,0.8797608,0.8797608,0.8175896,0.41022180191002494,False,False,False,False
A010.JK,Company A010in Real Estate - Development,ADCP.JK,Adhi Commuter Properti Tbk.,PT Adhi Commuter Properti Tbk,9,Low Risk,Low Risk,1,0.055995256,0.8159602,0.12804455,0.8159602,0.6879157,0.5375357579845681,False,False,False,False
A011.JK,Company A011in Beverages - Non-Alcoholic,ADES.JK,Akasha Wira International Tbk.,PT Akasha Wira International Tbk,10,High Risk,High Risk,0,0.91476744,0.039794892,0.045437627,0.91476744,0.8693298,0.3188189170897302,False,False,False,False
A012.JK,Company A012in Engineering & Construction,ADHI.JK,Adhi Karya (Persero) Tbk,PT Adhi Karya (Persero) Tbk,11,Low Risk,Low Risk,1,0.05007466,0.86495227,0.08497311,0.86495227,0.77997917,0.4413914922716533,False,False,False,False
A013.JK,Company A013in Credit Services,ADMF.JK,Adira Dinamika Multi Finance Tb,PT Adira Dinamika Multi Finance Tbk,12,High Risk,High Risk,0,0.91476744,0.039794892,0.045437627,0.91476744,0.8693298,0.3188189170897302,False,False,False,False
A014.JK,Company A014in Coking Coal,ADMR.JK,Alamtri Minerals Indonesia Tbk.,PT Adaro Minerals Indonesia Tbk,13,Low Risk,Low Risk,1,0.046960227,0.89864045,0.054399356,0.89864045,0.8442411,0.3623151723623898,False,False,False,False
A015.JK,Company A015in Thermal Coal,ADRO.JK,Alamtri Resources Indonesia Tbk,PT Alamtri Resources Indonesia Tbk,14,Low Risk,Low Risk,1,0.046960227,0.89864045,0.054399356,0.89864045,0.8442411,0.3623151723623898,False,False,False,False
A016.JK,Company A016in Auto Parts,AEGS.JK,Anugerah Spareparts Sejahtera T,PT. Anugerah Spareparts Sejahtera Tbk,15,Medium Risk,Medium Risk,2,0.06471453,0.061304674,0.87398076,0.87398076,0.8092662,0.4242192150918785,False,False,False,False
A017.JK,Company A017in Farm Products,AGAR.JK,Asia Sejahtera Mina Tbk.,PT Asia Sejahtera Mina Tbk,16,Medium Risk,High Risk,0,0.64725685,0.06724927,0.28549388,0.64725685,0.36176297,0.7472793680972158,False,False,False,False
A018.JK,Company A018in Banks - Regional,AGRO.JK,Bank Raya Indonesia Tbk.,PT Bank Raya Indonesia Tbk,17,Medium Risk,Medium Risk,2,0.33932248,0.06265222,0.5980253,0.5980253,0.25870284,0.7716604659276589,True,False,False,True
E019.JK,Company E019in Chemicals,ESSA.JK,ESSA Industries Indonesia Tbk.,PT ESSA Industries Indonesia Tbk.,18,Low Risk,Low Risk,1,0.046960227,0.89864045,0.054399356,0.89864045,0.8442411,0.3623151723623898,False,False,False,False
A020.JK,Company A020in Banks - Regional,AGRS.JK,Bank IBK Indonesia Tbk.,PT Bank IBK Indonesia Tbk,19,High Risk,High Risk,0,0.91476744,0.039794892,0.045437627,0.91476744,0.8693298,0.3188189170897302,False,False,False,False
G021.JK,Company G021in Farm Products,GZCO.JK,Gozco Plantations Tbk,PT Gozco Plantations Tbk,20,Medium Risk,Medium Risk,2,0.066429965,0.13383956,0.7997305,0.7997305,0.66589093,0.571650870123823,False,False,False,False
H022.JK,Company H022in Chemicals,HALO.JK,Haloni Jane Tbk.,PT Haloni Jane Tbk,21,Medium Risk,Medium Risk,2,0.08942019,0.08381118,0.82676864,0.82676864,0.73734844,0.5288100090391892,False,False,False,False
A023.JK,Company A023in Insurance - Property & Casualty,AHAP.JK,Asuransi Harta Aman Pratama Tbk,PT Asuransi Harta Aman Pratama Tbk,22,High Risk,High Risk,0,0.86292815,0.03687983,0.10019207,0.86292815,0.7627361,0.436397366857103,False,False,False,False
A024.JK,Company A024in Thermal Coal,AIMS.JK,Artha Mahiya Investama Tbk.,PT Artha Mahiya Investama Tbk,23,Low Risk,Low Risk,1,0.05758789,0.7846043,0.1578078,0.7846043,0.6267965,0.5880874836038847,False,False,False,False
A025.JK,Company A025in Packaged Foods,AISA.JK,FKS Food Sejahtera Tbk.,PT FKS Food Sejahtera Tbk,24,High Risk,High Risk,0,0.91476744,0.039794892,0.045437627,0.91476744,0.8693298,0.3188189170897302,False,False,False,False
A026.JK,Company A026in Lodging,AKKU.JK,Anugerah Kagum Karya Utama Tbk.,PT Anugerah Kagum Karya Utama Tbk,25,Medium Risk,Medium Risk,2,0.06471453,0.061304674,0.87398076,0.87398076,0.8092662,0.4242192150918785,False,False,False,False
A027.JK,Company A027in Packaging & Containers,AKPI.JK,Argha Karya Prima Industry Tbk.,PT Argha Karya Prima Industry Tbk,26,Low Risk,Low Risk,1,0.05927621,0.75782895,0.18289484,0.75782895,0.5749341,0.6265555416449343,False,False,False,False
A028.JK,Company A028in Oil & Gas Refining & Marketing,AKRA.JK,AKR Corporindo Tbk,PT AKR Corporindo Tbk,27,High Risk,High Risk,0,0.91476744,0.039794892,0.045437627,0.91476744,0.8693298,0.3188189170897302,False,False,False,False
A029.JK,Company A029in Rental & Leasing Services,AKSI.JK,Mineral Sumberdaya Mandiri Tbk.,PT Mineral Sumberdaya Mandiri Tbk,28,Low Risk,Low Risk,1,0.04756721,0.86466,0.08777276,0.86466,0.7768873,0.4407019720120822,False,False,False,False
A030.JK,Company A030in Paper & Paper Products,ALDO.JK,Alkindo Naratama Tbk.,PT Alkindo Naratama Tbk,29,Low Risk,Low Risk,1,0.05631717,0.7839322,0.1597506,0.7839322,0.6241816,0.5878786038336944,False,False,False,False
A031.JK,Company A031in Marine Shipping,ALII.JK,Ancara Logistics Indonesia Tbk.,,30,Low Risk,Low Risk,1,0.11305854,0.784736,0.10220551,0.784736,0.6716775,0.6096637330293151,False,False,False,False
A032.JK,Company A032in Aluminum,ALKA.JK,Alakasa Industrindo Tbk,PT Alakasa Industrindo Tbk,31,Low Risk,Low Risk,1,0.05755016,0.80446553,0.13798426,0.80446553,0.66648126,0.5576475703302641,False,False,False,False
A033.JK,Company A033in Aluminum,ALMI.JK,Alumindo Light Metal Industry T,PT Alumindo Light Metal Industry Tbk,32,Low Risk,Low Risk,1,0.046960227,0.89864045,0.054399356,0.89864045,0.8442411,0.3623151723623898,False,False,False,False
A034.JK,Company A034in Beverages - Non-Alcoholic,ALTO.JK,Tri Banyan Tirta Tbk.,PT Tri Banyan Tirta Tbk,33,High Risk,High Risk,0,0.82145596,0.08710474,0.09143926,0.82145596,0.7300167,0.5396655720777087,False,False,False,False
M035.JK,Company M035in Chemicals,MOLI.JK,Madusari Murni Indah Tbk.,PT Madusari Murni Indah Tbk,34,Medium Risk,Medium Risk,2,0.07052713,0.07883485,0.85063803,0.85063803,0.7718032,0.4777840449598119,False,False,False,False
A036.JK,Company A036in Insurance - Property & Casualty,AMAG.JK,Asuransi Multi Artha Guna Tbk,PT Asuransi Multi Artha Guna Tbk,35,High Risk,High Risk,0,0.8980023,0.039415143,0.06258256,0.8980023,0.8354198,0.3618160310933636,False,False,False,False
A037.JK,Company A037in Real Estate - Development,AMAN.JK,Makmur Berkah Amanda Tbk.,PT Makmur Berkah Amanda Tbk,36,Low Risk,Low Risk,1,0.048157,0.8924165,0.059426557,0.8924165,0.83298993,0.37812525504085204,False,False,False,False
A038.JK,Company A038in Banks - Regional,AMAR.JK,Bank Amar Indonesia Tbk.,PT Bank Amar Indonesia Tbk,37,High Risk,High Risk,0,0.91476744,0.039794892,0.045437627,0.91476744,0.8693298,0.3188189170897302,False,False,False,False
A039.JK,Company A039in Building Materials,AMFG.JK,Asahimas Flat Glass Tbk,PT Asahimas Flat Glass Tbk,38,High Risk,High Risk,0,0.91476744,0.039794892,0.045437627,0.91476744,0.8693298,0.3188189170897302,False,False,False,False
A040.JK,Company A040in Specialty Industrial Machinery,AMIN.JK,Ateliers Mecaniques D Indonesie,PT Ateliers Mecaniques D'Indonesie Tbk,39,Low Risk,Low Risk,1,0.04820569,0.8923077,0.059486624,0.8923077,0.8328211,0.37840271248104773,False,False,False,False
A041.JK,Company A041in Other Precious Metals & Mining,AMMN.JK,Amman Mineral Internasional Tbk,PT Amman Mineral Internasional Tbk,40,Low Risk,Low Risk,1,0.046960227,0.89864045,0.054399356,0.89864045,0.8442411,0.3623151723623898,False,False,False,False
A042.JK,Company A042in Farm Products,AMMS.JK,Agung Menjangan Mas Tbk.,PT Agung Menjangan Mas Tbk,41,High Risk,High Risk,0,0.8731881,0.036497585,0.09031431,0.8731881,0.78287375,0.4154247799675227,False,False,False,False
A043.JK,Company A043in Asset Management,AMOR.JK,Ashmore Asset Management Indone,PT Ashmore Asset Management Indonesia Tbk,42,High Risk,High Risk,0,0.88501096,0.038164623,0.07682447,0.88501096,0.8081865,0.3913099902804508,False,False,False,False
A044.JK,Company A044in Grocery Stores,AMRT.JK,Sumber Alfaria Trijaya Tbk,PT Sumber Alfaria Trijaya Tbk,43,High Risk,High Risk,0,0.91476744,0.039794892,0.045437627,0.91476744,0.8693298,0.3188189170897302,False,False,False,False
A045.JK,Company A045in Farm Products,ANDI.JK,Andira Agro Tbk.,"PT Andira Agro, Tbk",44,Medium Risk,Medium Risk,2,0.061272316,0.057228364,0.8814993,0.8814993,0.82022697,0.4059634758314022,False,False,False,False
A046.JK,Company A046in Farm Products,ANJT.JK,Austindo Nusantara Jaya Tbk.,PT Austindo Nusantara Jaya Tbk,45,Low Risk,Low Risk,1,0.046960227,0.89864045,0.054399356,0.89864045,0.8442411,0.3623151723623898,False,False,False,False
S047.JK,Company S047in Chemicals,SBMA.JK,Surya Biru Murni Acetylene Tbk.,PT Surya Biru Murni Acetylene Tbk,46,High Risk,High Risk,0,0.78487694,0.11493783,0.10018522,0.78487694,0.6699391,0.6091970359427755,False,False,False,False
A048.JK,Company A048in Gold,ANTM.JK,Aneka Tambang Tbk.,PT Aneka Tambang Tbk,47,High Risk,High Risk,0,0.91476744,0.039794892,0.045437627,0.91476744,0.8693298,0.3188189170897302,False,False,False,False
A049.JK,Company A049in Oil & Gas Drilling,APEX.JK,Apexindo Pratama Duta Tbk.,PT Apexindo Pratama Duta Tbk,48,Low Risk,Low Risk,1,0.046960227,0.89864045,0.054399356,0.89864045,0.8442411,0.3623151723623898,False,False,False,False
S050.JK,Company S050in Chemicals,SRSN.JK,Indo Acidatama Tbk,PT Indo Acidatama Tbk,49,Low Risk,Low Risk,1,0.1264584,0.7194904,0.15405115,0.7194904,0.5654392,0.7159113775901211,False,False,False,False
A051.JK,Company A051in Insurance - Life,APIC.JK,Pacific Strategic Financial Tbk,PT Pacific Strategic Financial Tbk,50,High Risk,High Risk,0,0.9143243,0.04000179,0.045673877,0.9143243,0.86865044,0.32005380344019824,False,False,False,False
A052.JK,Company A052in Tools & Accessories,APII.JK,Arita Prima Indonesia Tbk.,PT Arita Prima Indonesia Tbk,51,Low Risk,Low Risk,1,0.07409893,0.79254353,0.13335758,0.79254353,0.65918595,0.5878166452109522,False,False,False,False
U053.JK,Company U053in Chemicals,UNIC.JK,Unggul Indah Cahaya Tbk,PT Unggul Indah Cahaya Tbk,52,Low Risk,Low Risk,1,0.046960227,0.89864045,0.054399356,0.89864045,0.8442411,0.3623151723623898,False,False,False,False
A054.JK,Company A054in Packaging & Containers,APLI.JK,Asiaplast Industries Tbk,PT Asiaplast Industries Tbk,53,High Risk,High Risk,0,0.8577408,0.03624562,0.10601358,0.8577408,0.7517272,0.44581708492988564,False,False,False,False
A055.JK,Company A055in Real Estate - Development,APLN.JK,Agung Podomoro Land Tbk.,PT Agung Podomoro Land Tbk,54,Low Risk,Low Risk,1,0.047390282,0.89412934,0.0584804,0.89412934,0.83564895,0.3737405431376427,False,False,False,False
A056.JK,Company A056in Gold,ARCI.JK,Archi Indonesia Tbk.,PT Archi Indonesia Tbk,55,Low Risk,Low Risk,1,0.046960227,0.89864045,0.054399356,0.89864045,0.8442411,0.3623151723623898,False,False,False,False
A057.JK,Company A057in Information Technology Services,AREA.JK,Dunia Virtual Online Tbk.,,56,Low Risk,Low Risk,1,0.24753202,0.58077717,0.17169087,0.58077717,0.33324516,0.8772202721179526,True,False,True,True
A058.JK,Company A058in Textile Manufacturing,ARGO.JK,Argo Pantes Tbk,PT Argo Pantes Tbk,57,Low Risk,Low Risk,1,0.05993702,0.76500326,0.1750597,0.76500326,0.5899435,0.6177609980116071,False,False,False,False
A059.JK,Company A059in Thermal Coal,ARII.JK,Atlas Resources Tbk.,PT Atlas Resources Tbk,58,Low Risk,Low Risk,1,0.046960227,0.89864045,0.054399356,0.89864045,0.8442411,0.3623151723623898,False,False,False,False
A060.JK,Company A060in Specialty Business Services,ARKA.JK,Arkha Jayanti Persada Tbk.,PT Arkha Jayanti Persada Tbk,59,Low Risk,Low Risk,1,0.05054734,0.8379513,0.111501366,0.8379513,0.72644997,0.49482830868042726,False,False,False,False
A061.JK,Company A061in Utilities - Renewable,ARKO.JK,Arkora Hydro Tbk.,PT. Arkora Hydro Tbk,60,Low Risk,Low Risk,1,0.11978181,0.75723505,0.122983165,0.75723505,0.6342519,0.6576450438766039,False,False,False,False
A062.JK,Company A062in Building Products & Equipment,ARNA.JK,Arwana Citramulia Tbk,PT Arwana Citramulia Tbk,61,High Risk,High Risk,0,0.91476744,0.039794892,0.045437627,0.91476744,0.8693298,0.3188189170897302,False,False,False,False
A063.JK,Company A063in Lodging,ARTA.JK,Arthavest Tbk,PT Arthavest Tbk,62,Medium Risk,Medium Risk,2,0.062171247,0.058067963,0.8797608,0.8797608,0.8175896,0.41022180191002494,False,False,False,False
A064.JK,Company A064in Oil & Gas Equipment & Services,ARTI.JK,Ratu Prabu Energi Tbk,"PT. Ratu Prabu Energi, Tbk",63,Medium Risk,Medium Risk,2,0.06448972,0.059958484,0.87555176,0.87555176,0.81106204,0.4204153517132555,False,False,False,False
A065.JK,Company A065in Banks - Regional,ARTO.JK,Bank Jago Tbk.,PT Bank Jago Tbk,64,High Risk,High Risk,0,0.8980023,0.039415143,0.06258256,0.8980023,0.8354198,0.3618160310933636,False,False,False,False
A066.JK,Company A066in Insurance - Diversified,ASBI.JK,Asuransi Bintang Tbk,PT Asuransi Bintang Tbk,65,High Risk,High Risk,0,0.87602943,0.037439752,0.08653084,0.87602943,0.78949857,0.41024553824754656,False,False,False,False
A067.JK,Company A067in Insurance - Diversified,ASDM.JK,Asuransi Dayin MitraTbk,PT Asuransi Dayin Mitra Tbk,66,High Risk,High Risk,0,0.8740227,0.036087804,0.08988947,0.8740227,0.78413326,0.41335974573038403,False,False,False,False
A068.JK,Company A068in Specialty Business Services,ASGR.JK,Astra Graphia Tbk,PT Astra Graphia Tbk,67,High Risk,High Risk,0,0.89869905,0.039670028,0.06163091,0.89869905,0.83706814,0.36022634753324373,False,False,False,False
A069.JK,Company A069in Farm Products,ASHA.JK,Cilacap Samudera Fishing Indust,PT Cilacap Samudera Fishing Industry Tbk,68,High Risk,High Risk,0,0.8866693,0.04033336,0.07299737,0.8866693,0.8136719,0.3888570364701016,False,False,False,False
A070.JK,Company A070in Conglomerates,ASII.JK,Astra International Tbk,PT Astra International Tbk,69,High Risk,High Risk,0,0.9143243,0.04000179,0.045673877,0.9143243,0.86865044,0.32005380344019824,False,False,False,False
A071.JK,Company A071in Insurance - Property & Casualty,ASJT.JK,Asuransi Jasa Tania Tbk,PT Asuransi Jasa Tania Tbk,70,High Risk,High Risk,0,0.8786053,0.040149808,0.08124488,0.8786053,0.7973604,0.4066437728283934,False,False,False,False
A072.JK,Company A072in Auto & Truck Dealerships,ASLC.JK,Autopedia Sukses Lestari Tbk.,PT Autopedia Sukses Lestari Tbk,71,High Risk,High Risk,0,0.8778402,0.037641343,0.08451846,0.8778402,0.7933217,0.40656005815686,False,False,False,False
A073.JK,Company A073in Engineering & Construction,ASLI.JK,Asri Karya Lestari Tbk.,,72,Low Risk,Low Risk,1,0.048157,0.8924165,0.059426557,0.8924165,0.83298993,0.37812525504085204,False,False,False,False
A074.JK,Company A074in Insurance - Property & Casualty,ASMI.JK,Asuransi Maximus Graha Persada ,PT Asuransi Maximus Graha Persada Tbk,73,High Risk,High Risk,0,0.8740227,0.036087804,0.08988947,0.8740227,0.78413326,0.41335974573038403,False,False,False,False
A075.JK,Company A075in Residential Construction,ASPI.JK,Andalan Sakti Primaindo Tbk.,PT Andalan Sakti Primaindo Tbk,74,Medium Risk,Medium Risk,2,0.06361759,0.05935161,0.87703085,0.87703085,0.81341326,0.4168542229039394,False,False,False,False
A076.JK,Company A076in Real Estate - Development,ASRI.JK,Alam Sutera Realty Tbk.,PT Alam Sutera Realty Tbk,75,High Risk,High Risk,0,0.77361095,0.107138634,0.11925039,0.77361095,0.65436053,0.6294058010545314,False,False,False,False
A077.JK,Company A077in Insurance - Property & Casualty,ASRM.JK,Asuransi Ramayana Tbk,PT Asuransi Ramayana Tbk,76,High Risk,High Risk,0,0.873397,0.03626704,0.09033592,0.873397,0.7830611,0.41480245388856996,False,False,False,False
A078.JK,Company A078in Rental & Leasing Services,ASSA.JK,Adi Sarana Armada Tbk.,PT Adi Sarana Armada Tbk,77,Low Risk,Low Risk,1,0.11846122,0.80859345,0.07294531,0.80859345,0.69013226,0.5602203722996655,False,False,False,False
A079.JK,Company A079in Residential Construction,ATAP.JK,Trimitra Prawara Goldland Tbk.,PT Trimitra Prawara Goldland Tbk,78,Medium Risk,Medium Risk,2,0.062171247,0.058067963,0.8797608,0.8797608,0.8175896,0.41022180191002494,False,False,False,False
A080.JK,Company A080in Information Technology Services,ATIC.JK,Anabatic Technologies Tbk.,PT Anabatic Technologies Tbk,79,High Risk,High Risk,0,0.8974818,0.039616298,0.06290195,0.8974818,0.8345798,0.36316143383133226,False,False,False,False
A081.JK,Company A081in Oil & Gas Equipment & Services,ATLA.JK,Atlantis Subsea Indonesia Tbk.,,80,Low Risk,Low Risk,1,0.1413472,0.7028761,0.15577672,0.7028761,0.54709935,0.7409417931061844,False,False,False,False
A082.JK,Company A082in Auto Parts,AUTO.JK,Astra Otoparts Tbk,PT Astra Otoparts Tbk,81,High Risk,High Risk,0,0.91476744,0.039794892,0.045437627,0.91476744,0.8693298,0.3188189170897302,False,False,False,False
A083.JK,Company A083in Specialty Chemicals,AVIA.JK,Avia Avian Tbk.,PT Avia Avian Tbk,82,High Risk,High Risk,0,0.91476744,0.039794892,0.045437627,0.91476744,0.8693298,0.3188189170897302,False,False,False,False
A084.JK,Company A084in Internet Content & Information,AWAN.JK,Era Digital Media Tbk.,PT Era Digital Media Tbk,83,Medium Risk,Medium Risk,2,0.06922592,0.05996056,0.87081355,0.87081355,0.80158764,0.431498919228197,False,False,False,False
A085.JK,Company A085in Computer Hardware,AXIO.JK,Tera Data Indonusa Tbk.,PT Tera Data Indonusa Tbk,84,High Risk,High Risk,0,0.8813672,0.053198844,0.065433994,0.8813672,0.8159332,0.4057755925472024,False,False,False,False
A086.JK,Company A086in Farm Products,AYAM.JK,Janu Putra Sejahtera Tbk.,,85,High Risk,High Risk,0,0.8824349,0.040324807,0.07724025,0.8824349,0.8051947,0.3983573767087291,False,False,False,False
A087.JK,Company A087in Food Distribution,AYLS.JK,Agro Yasa Lestari Tbk.,PT Agro Yasa Lestari Tbk,86,Low Risk,Low Risk,1,0.054557882,0.8555366,0.08990557,0.8555366,0.765631,0.46308390055110377,False,False,False,False
B088.JK,Company B088in Banks - Regional,BABP.JK,Bank MNC Internasional Tbk.,PT Bank MNC Internasional Tbk,87,High Risk,High Risk,0,0.87492704,0.036363486,0.08870947,0.87492704,0.7862176,0.4117080221657934,False,False,False,False
B089.JK,Company B089in Apparel Retail,BABY.JK,Multitrend Indo Tbk.,PT Multitrend Indo Tbk,88,Medium Risk,Medium Risk,2,0.061272316,0.057228364,0.8814993,0.8814993,0.82022697,0.4059634758314022,False,False,False,False
B090.JK,Company B090in Banks - Regional,BACA.JK,Bank Capital Indonesia Tbk.,PT Bank Capital Indonesia Tbk,89,High Risk,High Risk,0,0.8864853,0.03801204,0.075502716,0.8864853,0.8109826,0.3879210652089488,False,False,False,False
B091.JK,Company B091in Restaurants,BAIK.JK,Bersama Mencapai Puncak Tbk.,,90,Medium Risk,Medium Risk,2,0.061272316,0.057228364,0.8814993,0.8814993,0.82022697,0.4059634758314022,False,False,False,False
B092.JK,Company B092in Steel,BAJA.JK,Saranacentral Bajatama Tbk.,PT Saranacentral Bajatama Tbk,91,Medium Risk,Medium Risk,2,0.061272316,0.057228364,0.8814993,0.8814993,0.82022697,0.4059634758314022,False,False,False,False
B093.JK,Company B093in Telecom Services,BALI.JK,Bali Towerindo Sentra Tbk.,PT Bali Towerindo Sentra Tbk,92,Low Risk,Low Risk,1,0.049094412,0.8903223,0.06058332,0.8903223,0.82973903,0.3834482168936163,False,False,False,False
B094.JK,Company B094in Banks - Regional,BANK.JK,Bank Aladin Syariah Tbk.,PT Bank Aladin Syariah Tbk,93,High Risk,High Risk,0,0.8740227,0.036087804,0.08988947,0.8740227,0.78413326,0.41335974573038403,False,False,False,False
B095.JK,Company B095in Real Estate - Development,BAPA.JK,Bekasi Asri Pemula Tbk,PT Bekasi Asri Pemula Tbk,94,Medium Risk,Medium Risk,2,0.063293576,0.12565774,0.8110486,0.8110486,0.6853909,0.5508609309605663,False,False,False,False
B096.JK,Company B096in Real Estate - Development,BAPI.JK,Bhakti Agung Propertindo Tbk.,PT Bhakti Agung Propertindo Tbk,95,Low Risk,Low Risk,1,0.046872273,0.8840979,0.069029845,0.8840979,0.815068,0.39767084044587503,False,False,False,False
B097.JK,Company B097in Footwear & Accessories,BATA.JK,Sepatu Bata Tbk,PT Sepatu Bata Tbk.,96,Medium Risk,Medium Risk,2,0.061272316,0.057228364,0.8814993,0.8814993,0.82022697,0.4059634758314022,False,False,False,False
B098.JK,Company B098in Building Materials,BATR.JK,Benteng Api Technic Tbk.,,97,High Risk,High Risk,0,0.8798815,0.037943423,0.08217505,0.8798815,0.7977064,0.402400529496813,False,False,False,False
B099.JK,Company B099in Tools & Accessories,BAUT.JK,Mitra Angkasa Sejahtera Tbk.,PT Mitra Angkasa Sejahtera Tbk,98,Low Risk,Low Risk,1,0.051684313,0.9005489,0.04776682,0.9005489,0.84886456,0.3574804466270133,False,False,False,False
B100.JK,Company B100in Travel Services,BAYU.JK,Bayu Buana Tbk,PT Bayu Buana Tbk,99,Medium Risk,Medium Risk,2,0.061272316,0.057228364,0.8814993,0.8814993,0.82022697,0.4059634758314022,False,False,False,False
B101.JK,Company B101in Banks - Regional,BBCA.JK,Bank Central Asia Tbk,PT Bank Central Asia Tbk,100,High Risk,High Risk,0,0.91476744,0.039794892,0.045437627,0.91476744,0.8693298,0.3188189170897302,False,False,False,False
B102.JK,Company B102in Banks - Regional,BBHI.JK,Allo Bank Indonesia Tbk.,PT Allo Bank Indonesia Tbk,101,High Risk,High Risk,0,0.91476744,0.039794892,0.045437627,0.91476744,0.8693298,0.3188189170897302,False,False,False,False
B103.JK,Company B103in Banks - Regional,BBKP.JK,Bank KB Bukopin Tbk.,PT Bank KB Bukopin Tbk,102,High Risk,High Risk,0,0.8577408,0.03624562,0.10601358,0.8577408,0.7517272,0.44581708492988564,False,False,False,False
B104.JK,Company B104in Credit Services,BBLD.JK,Buana Finance Tbk,PT Buana Finance Tbk,103,High Risk,High Risk,0,0.8740227,0.036087804,0.08988947,0.8740227,0.78413326,0.41335974573038403,False,False,False,False
B105.JK,Company B105in Banks - Regional,BBMD.JK,Bank Mestika Dharma Tbk.,PT Bank Mestika Dharma Tbk,104,High Risk,High Risk,0,0.91476744,0.039794892,0.045437627,0.91476744,0.8693298,0.3188189170897302,False,False,False,False
B106.JK,Company B106in Banks - Regional,BBNI.JK,Bank Negara Indonesia  (Persero,PT Bank Negara Indonesia (Persero) Tbk,105,High Risk,High Risk,0,0.91476744,0.039794892,0.045437627,0.91476744,0.8693298,0.3188189170897302,False,False,False,False
B107.JK,Company B107in Banks - Regional,BBRI.JK,Bank Rakyat Indonesia (Persero),PT Bank Rakyat Indonesia (Persero) Tbk,106,High Risk,High Risk,0,0.91476744,0.039794892,0.045437627,0.91476744,0.8693298,0.3188189170897302,False,False,False,False
B108.JK,Company B108in Marine Shipping,BBRM.JK,Pelayaran Nasional Bina Buana R,PT Pelayaran Nasional Bina Buana Raya Tbk,107,Low Risk,Low Risk,1,0.046960227,0.89864045,0.054399356,0.89864045,0.8442411,0.3623151723623898,False,False,False,False
B109.JK,Company B109in Banks - Regional,BBSI.JK,Krom Bank Indonesia Tbk.,PT Krom Bank Indonesia Tbk,108,Medium Risk,Medium Risk,2,0.339075,0.06333578,0.5975892,0.5975892,0.2585142,0.7729330048912469,True,False,False,True
B110.JK,Company B110in Engineering & Construction,BBSS.JK,Bumi Benowo Sukses Sejahtera Tb,PT Bumi Benowo Sukses Sejahtera Tbk,109,Low Risk,Low Risk,1,0.047473267,0.8644399,0.08808684,0.8644399,0.77635306,0.44110736152970875,False,False,False,False
B111.JK,Company B111in Banks - Regional,BBTN.JK,Bank Tabungan Negara (Persero) ,PT Bank Tabungan Negara (Persero) Tbk,110,High Risk,High Risk,0,0.91476744,0.039794892,0.045437627,0.91476744,0.8693298,0.3188189170897302,False,False,False,False
B112.JK,Company B112in Banks - Regional,BBYB.JK,Bank Neo Commerce Tbk.,PT Bank Neo Commerce Tbk,111,High Risk,High Risk,0,0.91476744,0.039794892,0.045437627,0.91476744,0.8693298,0.3188189170897302,False,False,False,False
B113.JK,Company B113in Financial Conglomerates,BCAP.JK,MNC Kapital Indonesia Tbk.,PT MNC Kapital Indonesia Tbk,112,High Risk,High Risk,0,0.8764878,0.037342805,0.086169414,0.8764878,0.79031837,0.4092048558288698,False,False,False,False
B114.JK,Company B114in Banks - Regional,BCIC.JK,Bank JTrust Indonesia Tbk.,PT Bank JTrust Indonesia Tbk,113,High Risk,High Risk,0,0.87947977,0.037711646,0.08280859,0.87947977,0.79667115,0.40310160596185174,False,False,False,False
B115.JK,Company B115in Real Estate - Development,BCIP.JK,Bumi Citra Permai Tbk.,PT Bumi Citra Permai Tbk,114,High Risk,High Risk,0,0.88761896,0.050014492,0.06236658,0.88761896,0.82525235,0.3902023849535845,False,False,False,False
B116.JK,Company B116in Engineering & Construction,BDKR.JK,Berdikari Pondasi Perkasa Tbk.,PT Berdikari Pondasi Perkasa Tbk,115,Medium Risk,Medium Risk,2,0.06889654,0.20579295,0.72531056,0.72531056,0.5195176,0.6759262013636606,False,False,False,False
B117.JK,Company B117in Banks - Regional,BDMN.JK,Bank Danamon Indonesia Tbk.,PT Bank Danamon Indonesia Tbk,116,High Risk,High Risk,0,0.91476744,0.039794892,0.045437627,0.91476744,0.8693298,0.3188189170897302,False,False,False,False
B118.JK,Company B118in Building Materials,BEBS.JK,Berkah Beton Sadaya Tbk.,PT Berkah Beton Sadaya Tbk,117,Low Risk,Low Risk,1,0.06302792,0.78007656,0.15689547,0.78007656,0.6231811,0.5994477218689783,False,False,False,False
B119.JK,Company B119in Packaged Foods,BEEF.JK,Estika Tata Tiara Tbk.,PT Estika Tata Tiara Tbk,118,Low Risk,Low Risk,1,0.1291493,0.7613625,0.10948824,0.7613625,0.6322132,0.6500058495176151,False,False,False,False
B120.JK,Company B120in Beverages - Wineries & Distilleries,BEER.JK,Jobubu Jarum Minahasa Tbk.,PT Jobubu Jarum Minahasa Tbk,119,High Risk,High Risk,0,0.6677753,0.2346487,0.097576015,0.6677753,0.43312657,0.7617643934698709,False,False,False,False
B121.JK,Company B121in Banks - Regional,BEKS.JK,Bank Pembangunan Daerah Banten ,"PT. Bank Pembangunan Daerah Banten, Tbk",120,Medium Risk,Medium Risk,2,0.23108806,0.05436931,0.7145427,0.7145427,0.48345464,0.6708660482399358,False,False,False,False
B122.JK,Company B122in Internet Retail,BELI.JK,Global Digital Niaga Tbk.,PT Global Digital Niaga Tbk,121,Medium Risk,Medium Risk,2,0.060946975,0.057248205,0.8818049,0.8818049,0.8208579,0.4052223324286269,False,False,False,False
B123.JK,Company B123in Textile Manufacturing,BELL.JK,Trisula Textile Industries Tbk.,PT Trisula Textile Industries Tbk,122,Medium Risk,Medium Risk,2,0.061272316,0.057228364,0.8814993,0.8814993,0.82022697,0.4059634758314022,False,False,False,False
B124.JK,Company B124in Marine Shipping,BESS.JK,Batulicin Nusantara Maritim Tbk,PT Batulicin Nusantara Maritim Tbk,123,Low Risk,Low Risk,1,0.121617466,0.7688089,0.10957365,0.7688089,0.6471914,0.6377565429943114,False,False,False,False
B125.JK,Company B125in Real Estate Services,BEST.JK,Bekasi Fajar Industrial Estate ,PT Bekasi Fajar Industrial Estate Tbk,124,Low Risk,Low Risk,1,0.049640875,0.8504678,0.099891335,0.8504678,0.7505765,0.4705342350451492,False,False,False,False
B126.JK,Company B126in Credit Services,BFIN.JK,BFI Finance  Indonesia Tbk,PT BFI Finance Indonesia Tbk,125,High Risk,High Risk,0,0.88558674,0.03797351,0.07643977,0.88558674,0.809147,0.3899057756799143,False,False,False,False
B127.JK,Company B127in Banks - Regional,BGTG.JK,Bank Ganesha Tbk.,PT Bank Ganesha Tbk,126,High Risk,High Risk,0,0.8738147,0.036317255,0.08986807,0.8738147,0.78394663,0.4139803899202781,False,False,False,False
B128.JK,Company B128in Insurance - Life,BHAT.JK,Bhakti Multi Artha Tbk.,PT Bhakti Multi Artha Tbk,127,High Risk,High Risk,0,0.87790954,0.03792889,0.0841616,0.87790954,0.79374796,0.4066224236882454,False,False,False,False
B129.JK,Company B129in Entertainment,BHIT.JK,MNC Asia Holding Tbk.,PT MNC Asia Holding Tbk,128,High Risk,High Risk,0,0.8205003,0.08128984,0.09820987,0.8205003,0.72229046,0.5409142933220464,False,False,False,False
B130.JK,Company B130in Real Estate - Development,BIKA.JK,Binakarya Jaya Abadi Tbk.,PT Binakarya Jaya Abadi Tbk,129,Low Risk,Low Risk,1,0.054389965,0.8529034,0.09270656,0.8529034,0.76019686,0.4683641098690862,False,False,False,False
B131.JK,Company B131in Leisure,BIKE.JK,Sepeda Bersama Indonesia Tbk.,PT Sepeda Bersama Indonesia Tbk,130,Medium Risk,Medium Risk,2,0.061272316,0.057228364,0.8814993,0.8814993,0.82022697,0.4059634758314022,False,False,False,False
B132.JK,Company B132in Footwear & Accessories,BIMA.JK,Primarindo Asia Infrastructure ,"PT. Primarindo Asia Infrastructure, Tbk.",131,Medium Risk,Medium Risk,2,0.063001834,0.06674703,0.8702511,0.8702511,0.8035041,0.4330827975583401,False,False,False,False
B133.JK,Company B133in Banks - Regional,BINA.JK,Bank Ina Perdana Tbk.,PT Bank Ina Perdana Tbk,132,High Risk,High Risk,0,0.8738147,0.036317255,0.08986807,0.8738147,0.78394663,0.4139803899202781,False,False,False,False
B134.JK,Company B134in Business Equipment & Supplies,BINO.JK,Perma Plasindo Tbk.,PT Perma Plasindo Tbk,133,Low Risk,Low Risk,1,0.048157,0.8924165,0.059426557,0.8924165,0.83298993,0.37812525504085204,False,False,False,False
B135.JK,Company B135in Infrastructure Operations,BIPI.JK,Astrindo Nusantara Infrastruktu,PT Astrindo Nusantara Infrastruktur Tbk,134,Low Risk,Low Risk,1,0.046960227,0.89864045,0.054399356,0.89864045,0.8442411,0.3623151723623898,False,False,False,False
B136.JK,Company B136in Real Estate - Diversified,BIPP.JK,Bhuwanatala Indah Permai Tbk.,PT Bhuwanatala Indah Permai Tbk,135,Low Risk,Low Risk,1,0.05569727,0.81253767,0.13176507,0.81253767,0.6807726,0.5430250098361982,False,False,False,False
B137.JK,Company B137in Railroads,BIRD.JK,Blue Bird Tbk.,PT Blue Bird Tbk,136,High Risk,High Risk,0,0.91476744,0.039794892,0.045437627,0.91476744,0.8693298,0.3188189170897302,False,False,False,False
B138.JK,Company B138in Agricultural Inputs,BISI.JK,BISI International Tbk,PT BISI International Tbk,137,High Risk,High Risk,0,0.91476744,0.039794892,0.045437627,0.91476744,0.8693298,0.3188189170897302,False,False,False,False
B139.JK,Company B139in Banks - Regional,BJBR.JK,Bank Pembangunan Daerah Jawa Ba,PT Bank Pembangunan Daerah Jawa Barat dan Banten Tbk,138,High Risk,High Risk,0,0.91476744,0.039794892,0.045437627,0.91476744,0.8693298,0.3188189170897302,False,False,False,False
B140.JK,Company B140in Banks - Regional,BJTM.JK,Bank Pembangunan Daerah Jawa Ti,PT Bank Pembangunan Daerah Jawa Timur Tbk,139,High Risk,High Risk,0,0.91476744,0.039794892,0.045437627,0.91476744,0.8693298,0.3188189170897302,False,False,False,False
B141.JK,Company B141in Real Estate Services,BKDP.JK,Bukit Darmo Property Tbk,PT Bukit Darmo Property Tbk,140,Medium Risk,Medium Risk,2,0.06437216,0.06132712,0.8743008,0.8743008,0.8099286,0.4234613070530022,False,False,False,False
B142.JK,Company B142in Real Estate - Development,BKSL.JK,Sentul City Tbk.,PT Sentul City Tbk,141,Medium Risk,Medium Risk,2,0.07491552,0.101348825,0.8237356,0.8237356,0.7223868,0.5332810127020058,False,False,False,False
B143.JK,Company B143in Banks - Regional,BKSW.JK,Bank QNB Indonesia Tbk.,PT Bank QNB Indonesia Tbk,142,High Risk,High Risk,0,0.88558674,0.03797351,0.07643977,0.88558674,0.809147,0.3899057756799143,False,False,False,False
B144.JK,Company B144in Building Materials,BLES.JK,Superior Prima Sukses Tbk.,,143,High Risk,High Risk,0,0.89984995,0.039315954,0.06083407,0.89984995,0.8390159,0.357270183367436,False,False,False,False
B145.JK,Company B145in Marine Shipping,BLTA.JK,Berlian Laju Tanker Tbk,PT Berlian Laju Tanker Tbk,144,Low Risk,Low Risk,1,0.046960227,0.89864045,0.054399356,0.89864045,0.8442411,0.3623151723623898,False,False,False,False
B146.JK,Company B146in Entertainment,BLTZ.JK,Graha Layar Prima Tbk.,PT Graha Layar Prima Tbk,145,Low Risk,Low Risk,1,0.055710893,0.79488117,0.14940801,0.79488117,0.6454731,0.571066278039719,False,False,False,False
B147.JK,Company B147in Electronics & Computer Distribution,BLUE.JK,Berkah Prima Perkasa Tbk.,PT Berkah Prima Perkasa Tbk,146,High Risk,High Risk,0,0.90230995,0.048156686,0.049533356,0.90230995,0.8527766,0.35288294863063857,False,False,False,False
B148.JK,Company B148in Banks - Regional,BMAS.JK,Bank Maspion Indonesia Tbk.,PT Bank Maspion Indonesia Tbk,147,High Risk,High Risk,0,0.87947977,0.037711646,0.08280859,0.87947977,0.79667115,0.40310160596185174,False,False,False,False
B149.JK,Company B149in Education & Training Services,BMBL.JK,Lavender Bina Cendikia Tbk.,PT Lavender Bina Cendikia Tbk,148,Low Risk,Low Risk,1,0.062421776,0.8242968,0.11328142,0.8242968,0.71101534,0.527152208972193,False,False,False,False
B150.JK,Company B150in Medical Care Facilities,BMHS.JK,Bundamedik Tbk.,PT Bundamedik Tbk,149,Medium Risk,Medium Risk,2,0.06448972,0.059958484,0.87555176,0.87555176,0.81106204,0.4204153517132555,False,False,False,False
B151.JK,Company B151in Banks - Regional,BMRI.JK,Bank Mandiri (Persero) Tbk,PT Bank Mandiri (Persero) Tbk,150,High Risk,High Risk,0,0.8980023,0.039415143,0.06258256,0.8980023,0.8354198,0.3618160310933636,False,False,False,False
B152.JK,Company B152in Conglomerates,BMSR.JK,Bintang Mitra Semestaraya Tbk,PT Bintang Mitra Semestaraya Tbk,151,Low Risk,Low Risk,1,0.055943526,0.81613016,0.1279263,0.81613016,0.6882039,0.5372102310699858,False,False,False,False
B153.JK,Company B153in Entertainment,BMTR.JK,Global Mediacom Tbk,PT Global Mediacom Tbk,152,Low Risk,Low Risk,1,0.11846122,0.80859345,0.07294531,0.80859345,0.69013226,0.5602203722996655,False,False,False,False
B154.JK,Company B154in Banks - Regional,BNBA.JK,Bank Bumi Arta Tbk,PT Bank Bumi Arta Tbk,153,High Risk,High Risk,0,0.8740227,0.036087804,0.08988947,0.8740227,0.78413326,0.41335974573038403,False,False,False,False
B155.JK,Company B155in Conglomerates,BNBR.JK,Bakrie & Brothers Tbk,PT Bakrie & Brothers Tbk,154,High Risk,High Risk,0,0.91572523,0.03965472,0.044620093,0.91572523,0.87110513,0.31617723905065187,False,False,False,False
B156.JK,Company B156in Banks - Regional,BNGA.JK,Bank CIMB Niaga Tbk.,PT Bank CIMB Niaga Tbk,155,High Risk,High Risk,0,0.91476744,0.039794892,0.045437627,0.91476744,0.8693298,0.3188189170897302,False,False,False,False
B157.JK,Company B157in Banks - Regional,BNII.JK,Bank Maybank Indonesia Tbk.,PT Bank Maybank Indonesia Tbk,156,High Risk,High Risk,0,0.88558674,0.03797351,0.07643977,0.88558674,0.809147,0.3899057756799143,False,False,False,False
B158.JK,Company B158in Banks - Regional,BNLI.JK,Bank Permata Tbk,PT Bank Permata Tbk,157,High Risk,High Risk,0,0.91476744,0.039794892,0.045437627,0.91476744,0.8693298,0.3188189170897302,False,False,False,False
B159.JK,Company B159in Oil & Gas Drilling,BOAT.JK,Newport Marine Services Tbk.,PT Newport Marine Services TBK,158,Low Risk,Low Risk,1,0.048667222,0.8912766,0.060056154,0.8912766,0.83122045,0.38102762588402506,False,False,False,False
B160.JK,Company B160in Packaged Foods,BOBA.JK,Formosa Ingredient Factory Tbk.,PT Formosa Ingredient Factory Tbk,159,High Risk,High Risk,0,0.91533905,0.039528023,0.045132916,0.91533905,0.8702061,0.3172227229913187,False,False,False,False
B161.JK,Company B161in Auto & Truck Dealerships,BOGA.JK,Bintang Oto Global Tbk.,PT Bintang Oto Global Tbk,160,Low Risk,Low Risk,1,0.060037196,0.7662819,0.17368093,0.7662819,0.59260094,0.6161362931809268,False,False,False,False
B162.JK,Company B162in Entertainment,BOLA.JK,Bali Bintang Sejahtera Tbk.,PT Bali Bintang Sejahtera Tbk,161,Medium Risk,Medium Risk,2,0.06191334,0.057827074,0.8802596,0.8802596,0.81834626,0.40900275786939994,False,False,False,False
B163.JK,Company B163in Tools & Accessories,BOLT.JK,Garuda Metalindo Tbk.,PT Garuda Metalindo Tbk,162,High Risk,High Risk,0,0.9143243,0.04000179,0.045673877,0.9143243,0.86865044,0.32005380344019824,False,False,False,False
B164.JK,Company B164in Credit Services,BPFI.JK,Woori Finance Indonesia Tbk.,PT Woori Finance Indonesia Tbk,163,High Risk,High Risk,0,0.8740227,0.036087804,0.08988947,0.8740227,0.78413326,0.41335974573038403,False,False,False,False
B165.JK,Company B165in Asset Management,BPII.JK,Batavia Prosperindo Internasion,PT Batavia Prosperindo Internasional Tbk,164,High Risk,High Risk,0,0.91476744,0.039794892,0.045437627,0.91476744,0.8693298,0.3188189170897302,False,False,False,False
B166.JK,Company B166in Rental & Leasing Services,BPTR.JK,Batavia Prosperindo Trans Tbk.,PT Batavia Prosperindo Trans Tbk,165,Low Risk,Low Risk,1,0.046198457,0.9041088,0.049692776,0.9041088,0.8544161,0.34804192937491346,False,False,False,False
B167.JK,Company B167in Textile Manufacturing,BRAM.JK,Indo Kordsa Tbk,PT Indo Kordsa Tbk,166,Low Risk,Low Risk,1,0.046960227,0.89864045,0.054399356,0.89864045,0.8442411,0.3623151723623898,False,False,False,False
B168.JK,Company B168in Utilities - Renewable,BREN.JK,Barito Renewables Energy Tbk.,PT Barito Renewables Energy Tbk,167,Low Risk,Low Risk,1,0.046960227,0.89864045,0.054399356,0.89864045,0.8442411,0.3623151723623898,False,False,False,False
B169.JK,Company B169in Banks - Regional,BRIS.JK,Bank Syariah Indonesia Tbk.,PT Bank Syariah Indonesia Tbk,168,High Risk,High Risk,0,0.91476744,0.039794892,0.045437627,0.91476744,0.8693298,0.3188189170897302,False,False,False,False
B170.JK,Company B170in Other Industrial Metals & Mining,BRMS.JK,Bumi Resources Minerals Tbk.,PT Bumi Resources Minerals Tbk,169,Low Risk,Low Risk,1,0.046960227,0.89864045,0.054399356,0.89864045,0.8442411,0.3623151723623898,False,False,False,False
B171.JK,Company B171in Packaging & Containers,BRNA.JK,Berlina Tbk,PT Berlina Tbk,170,Low Risk,Low Risk,1,0.05993702,0.76500326,0.1750597,0.76500326,0.5899435,0.6177609980116071,False,False,False,False
B172.JK,Company B172in Packaged Foods,BRRC.JK,Raja Roti Cemerlang Tbk.,,171,High Risk,High Risk,0,0.91533905,0.039528023,0.045132916,0.91533905,0.8702061,0.3172227229913187,False,False,False,False
B173.JK,Company B173in Real Estate - Development,BSBK.JK,Wulandari Bangun Laksana Tbk.,PT Wulandari Bangun Laksana Tbk,172,Low Risk,Low Risk,1,0.048314564,0.8920644,0.05962099,0.8920644,0.8324434,0.37902292263505566,False,False,False,False
B174.JK,Company B174in Real Estate - Development,BSDE.JK,Bumi Serpong Damai Tbk,PT Bumi Serpong Damai Tbk,173,Low Risk,Low Risk,1,0.12406504,0.8040503,0.071884595,0.8040503,0.6799853,0.5675575319364078,False,False,False,False
B175.JK,Company B175in Banks - Regional,BSIM.JK,Bank Sinarmas Tbk.,PT Bank Sinarmas Tbk,174,Medium Risk,High Risk,0,0.7651271,0.04855477,0.18631808,0.7651271,0.578809,0.6051144943980272,False,False,False,False
B176.JK,Company B176in Marine Shipping,BSML.JK,Bintang Samudera Mandiri Lines ,PT Bintang Samudera Mandiri Lines Tbk,175,High Risk,Low Risk,1,0.25938892,0.67225015,0.068360865,0.67225015,0.41286123,0.7285578812037009,False,False,False,False
B177.JK,Company B177in Thermal Coal,BSSR.JK,Baramulti Suksessarana Tbk.,PT Baramulti Suksessarana Tbk,176,Low Risk,Low Risk,1,0.046960227,0.89864045,0.054399356,0.89864045,0.8442411,0.3623151723623898,False,False,False,False
B178.JK,Company B178in Banks - Regional,BSWD.JK,Bank Of India Indonesia Tbk.,PT Bank of India Indonesia Tbk,177,High Risk,High Risk,0,0.8740227,0.036087804,0.08988947,0.8740227,0.78413326,0.41335974573038403,False,False,False,False
B179.JK,Company B179in Farm Products,BTEK.JK,Bumi Teknokultura Unggul Tbk,PT Bumi Teknokultura Unggul Tbk,178,Medium Risk,Medium Risk,2,0.062119845,0.05884671,0.87903345,0.87903345,0.8169136,0.41201955142304864,False,False,False,False
B180.JK,Company B180in Steel,BTON.JK,Betonjaya Manunggal Tbk,PT Betonjaya Manunggal Tbk,179,Medium Risk,Medium Risk,2,0.13022652,0.087604485,0.782169,0.782169,0.6519425,0.6107169211069604,False,False,False,False
B181.JK,Company B181in Banks - Regional,BTPN.JK,Bank SMBC Indonesia Tbk.,PT Bank SMBC Indonesia Tbk,180,High Risk,High Risk,0,0.91476744,0.039794892,0.045437627,0.91476744,0.8693298,0.3188189170897302,False,False,False,False
B182.JK,Company B182in Banks - Regional,BTPS.JK,Bank BTPN Syariah Tbk.,PT Bank BTPN Syariah Tbk,181,High Risk,High Risk,0,0.91476744,0.039794892,0.045437627,0.91476744,0.8693298,0.3188189170897302,False,False,False,False
B183.JK,Company B183in Food Distribution,BUAH.JK,Segar Kumala Indonesia Tbk.,PT Segar Kumala Indonesia Tbk,182,High Risk,High Risk,0,0.87723076,0.037829116,0.08494005,0.87723076,0.7922907,0.40799503505082463,False,False,False,False
B184.JK,Company B184in Packaged Foods,BUDI.JK,Budi Starch & Sweetener Tbk.,PT Budi Starch & Sweetener Tbk,183,Low Risk,Low Risk,1,0.05770044,0.84756386,0.09473571,0.84756386,0.7528281,0.4806318086630637,False,False,False,False
B185.JK,Company B185in Internet Retail,BUKA.JK,Bukalapak.com Tbk.,PT Bukalapak.com Tbk.,184,High Risk,High Risk,0,0.8087869,0.039370596,0.15184243,0.8087869,0.6569445,0.5326753156229396,False,False,False,False
B186.JK,Company B186in Engineering & Construction,BUKK.JK,Bukaka Teknik Utama Tbk.,PT Bukaka Teknik Utama Tbk.,185,Low Risk,Low Risk,1,0.12586711,0.8012042,0.072928734,0.8012042,0.6753371,0.572894491446499,False,False,False,False
B187.JK,Company B187in Marine Shipping,BULL.JK,Buana Lintas Lautan Tbk.,PT Buana Lintas Lautan Tbk,186,Low Risk,Low Risk,1,0.046960227,0.89864045,0.054399356,0.89864045,0.8442411,0.3623151723623898,False,False,False,False
B188.JK,Company B188in Thermal Coal,BUMI.JK,Bumi Resources Tbk,PT Bumi Resources Tbk,187,Low Risk,Low Risk,1,0.046960227,0.89864045,0.054399356,0.89864045,0.8442411,0.3623151723623898,False,False,False,False
B189.JK,Company B189in Lodging,BUVA.JK,Bukit Uluwatu Villa Tbk.,PT Bukit Uluwatu Villa Tbk,188,Low Risk,Low Risk,1,0.05693777,0.81286246,0.1301998,0.81286246,0.68266267,0.5434384832722035,False,False,False,False
B190.JK,Company B190in Banks - Regional,BVIC.JK,Bank Victoria International Tbk,PT Bank Victoria International Tbk,189,High Risk,High Risk,0,0.91476744,0.039794892,0.045437627,0.91476744,0.8693298,0.3188189170897302,False,False,False,False
B191.JK,Company B191in Packaged Foods,BWPT.JK,Eagle High Plantations Tbk.,PT Eagle High Plantations Tbk,190,Low Risk,Low Risk,1,0.04943669,0.8895576,0.06100569,0.8895576,0.8285519,0.38538168400277795,False,False,False,False
B192.JK,Company B192in Thermal Coal,BYAN.JK,Bayan Resources Tbk,PT Bayan Resources Tbk.,191,Low Risk,Low Risk,1,0.046960227,0.89864045,0.054399356,0.89864045,0.8442411,0.3623151723623898,False,False,False,False
C193.JK,Company C193in Building Products & Equipment,CAKK.JK,Cahayaputra Asa Keramik Tbk.,PT Cahayaputra Asa Keramik Tbk,192,Low Risk,Low Risk,1,0.05569727,0.81253767,0.13176507,0.81253767,0.6807726,0.5430250098361982,False,False,False,False
C194.JK,Company C194in Packaged Foods,CAMP.JK,Campina Ice Cream Industry Tbk.,"PT Campina Ice Cream Industry, Tbk.",193,Low Risk,Low Risk,1,0.21244656,0.71238106,0.07517237,0.71238106,0.4999345,0.6965478431120783,False,False,False,False
C195.JK,Company C195in Marine Shipping,CANI.JK,Capitol Nusantara Indonesia Tbk,PT Capitol Nusantara Indonesia Tbk,194,Low Risk,Low Risk,1,0.055177677,0.81642765,0.1283947,0.81642765,0.688033,0.5361262264444266,False,False,False,False
C196.JK,Company C196in Medical Care Facilities,CARE.JK,Metro Healthcare Indonesia Tbk.,PT Metro Healthcare Indonesia Tbk,195,Medium Risk,Medium Risk,2,0.064784184,0.06023225,0.8749836,0.8749836,0.81019944,0.42178118126511427,False,False,False,False
C197.JK,Company C197in Auto & Truck Dealerships,CARS.JK,Industri dan Perdagangan Bintra,PT Industri dan Perdagangan Bintraco Dharma Tbk,196,High Risk,High Risk,0,0.91476744,0.039794892,0.045437627,0.91476744,0.8693298,0.3188189170897302,False,False,False,False
C198.JK,Company C198in Insurance - Life,CASA.JK,Capital Financial Indonesia Tbk,PT Capital Financial Indonesia Tbk,197,High Risk,High Risk,0,0.8788774,0.037900124,0.083222464,0.8788774,0.79565495,0.4045304792261679,False,False,False,False
C199.JK,Company C199in Business Equipment & Supplies,CASH.JK,Cashlez Worldwide Indonesia Tbk,PT Cashlez Worldwide Indonesia Tbk,198,Low Risk,Low Risk,1,0.047435783,0.8949878,0.057576396,0.8949878,0.8374114,0.37161138009833133,False,False,False,False
C200.JK,Company C200in Airports & Air Services,CASS.JK,Cahaya Aero Services Tbk.,PT Cahaya Aero Services Tbk.,199,High Risk,High Risk,0,0.91476744,0.039794892,0.045437627,0.91476744,0.8693298,0.3188189170897302,False,False,False,False
C201.JK,Company C201in Real Estate Services,CBDK.JK,Bangun Kosambi Sukses Tbk.,,200,Medium Risk,Medium Risk,2,0.06728175,0.15845,0.77426827,0.77426827,0.61581826,0.6113037918794665,False,False,False,False
C202.JK,Company C202in Real Estate - Development,CBPE.JK,Citra Buana Prasida Tbk.,PT Citra Buana Prasida Tbk,201,Low Risk,Low Risk,1,0.04496932,0.90666,0.04837067,0.90666,0.85828936,0.34118890964188375,False,False,False,False
C203.JK,Company C203in Marine Shipping,CBRE.JK,Cakra Buana Resources Energi Tb,PT Cakra Buana Resources Energi Tbk,202,Low Risk,Low Risk,1,0.047836848,0.85882276,0.09334044,0.85882276,0.7654823,0.4528309420859619,False,False,False,False
C204.JK,Company C204in Packaged Foods,CBUT.JK,Citra Borneo Utama Tbk.,PT Citra Borneo Utama Tbk,203,Low Risk,Low Risk,1,0.049805615,0.84275246,0.10744195,0.84275246,0.7353105,0.48539426742340297,False,False,False,False
C205.JK,Company C205in Communication Equipment,CCSI.JK,Communication Cable Systems Ind,PT Communication Cable Systems Indonesia Tbk,204,High Risk,High Risk,0,0.85722524,0.047645267,0.09512955,0.85722524,0.7620957,0.45592431584626614,False,False,False,False
C206.JK,Company C206in Packaged Foods,CEKA.JK,Wilmar Cahaya Indonesia Tbk.,PT Wilmar Cahaya Indonesia Tbk.,205,High Risk,High Risk,0,0.91476744,0.039794892,0.045437627,0.91476744,0.8693298,0.3188189170897302,False,False,False,False
C207.JK,Company C207in Telecom Services,CENT.JK,Centratama Telekomunikasi Indon,PT Centratama Telekomunikasi Indonesia Tbk,206,Medium Risk,Medium Risk,2,0.06471453,0.061304674,0.87398076,0.87398076,0.8092662,0.4242192150918785,False,False,False,False
C208.JK,Company C208in Credit Services,CFIN.JK,Clipan Finance Indonesia Tbk,PT. Clipan Finance Indonesia Tbk,207,Medium Risk,Medium Risk,2,0.14491902,0.06030631,0.79477465,0.79477465,0.6498556,0.5751247848472739,False,False,False,False
C209.JK,Company C209in Oil & Gas Refining & Marketing,CGAS.JK,Citra Nusantara Gemilang Tbk.,,208,Low Risk,Low Risk,1,0.12747636,0.7422491,0.13027453,0.7422491,0.61197454,0.6820744824538625,False,False,False,False
C210.JK,Company C210in Specialty Chemicals,CHEM.JK,Chemstar Indonesia Tbk.,PT Chemstar Indonesia Tbk,209,High Risk,High Risk,0,0.8696476,0.042160872,0.08819154,0.8696476,0.7814561,0.4269970718902238,False,False,False,False
C211.JK,Company C211in Telecom Services,CHIP.JK,Pelita Teknologi Global Tbk.,PT Pelita Teknologi Global Tbk,210,Medium Risk,Medium Risk,2,0.069979124,0.059909426,0.87011147,0.87011147,0.80013233,0.43310634400516157,False,False,False,False
C212.JK,"Company C212in Furnishings, Fixtures & Appliances",CINT.JK,Chitose Internasional Tbk.,PT Chitose Internasional Tbk,211,Medium Risk,Medium Risk,2,0.061320562,0.056486115,0.8821933,0.8821933,0.8208728,0.4042283088677069,False,False,False,False
C213.JK,Company C213in Other Industrial Metals & Mining,CITA.JK,Cita Mineral Investindo Tbk,PT Cita Mineral Investindo Tbk,212,High Risk,High Risk,0,0.91476744,0.039794892,0.045437627,0.91476744,0.8693298,0.3188189170897302,False,False,False,False
C214.JK,Company C214in Real Estate - Development,CITY.JK,Natura City Developments Tbk.,PT Natura City Developments Tbk,213,High Risk,High Risk,0,0.79736924,0.10134229,0.101288445,0.79736924,0.6960269,0.5866316729873868,False,False,False,False
C215.JK,Company C215in Lodging,CLAY.JK,Citra Putra Realty Tbk.,PT Citra Putra Realty Tbk,214,Medium Risk,Medium Risk,2,0.06680315,0.062109355,0.8710875,0.8710875,0.80428433,0.431074811912982,False,False,False,False
C216.JK,Company C216in Beverages - Non-Alcoholic,CLEO.JK,Sariguna Primatirta Tbk.,PT Sariguna Primatirta Tbk,215,High Risk,High Risk,0,0.91476744,0.039794892,0.045437627,0.91476744,0.8693298,0.3188189170897302,False,False,False,False
C217.JK,Company C217in Specialty Chemicals,CLPI.JK,Colorpak Indonesia Tbk,PT Colorpak Indonesia Tbk,216,High Risk,High Risk,0,0.8798815,0.037943423,0.08217505,0.8798815,0.7977064,0.402400529496813,False,False,False,False
C218.JK,Company C218in Infrastructure Operations,CMNP.JK,Citra Marga Nusaphala Persada T,PT Citra Marga Nusaphala Persada Tbk,217,Low Risk,Low Risk,1,0.049193565,0.8673284,0.08347795,0.8673284,0.78385043,0.43592654642964546,False,False,False,False
C219.JK,Company C219in Building Materials,CMNT.JK,Cemindo Gemilang Tbk.,PT Cemindo Gemilang Tbk,218,Low Risk,Low Risk,1,0.055710893,0.79488117,0.14940801,0.79488117,0.6454731,0.571066278039719,False,False,False,False
C220.JK,Company C220in Airlines,CMPP.JK,AirAsia Indonesia Tbk.,PT AirAsia Indonesia Tbk,219,Medium Risk,Medium Risk,2,0.060946975,0.057248205,0.8818049,0.8818049,0.8208579,0.4052223324286269,False,False,False,False
C221.JK,Company C221in Packaged Foods,CMRY.JK,Cisarua Mountain Dairy Tbk.,PT Cisarua Mountain Dairy Tbk,220,High Risk,High Risk,0,0.91476744,0.039794892,0.045437627,0.91476744,0.8693298,0.3188189170897302,False,False,False,False
C222.JK,Company C222in Thermal Coal,CNKO.JK,Exploitasi Energi Indonesia Tbk,PT Exploitasi Energi Indonesia Tbk,221,Medium Risk,Medium Risk,2,0.13030821,0.058478322,0.8112135,0.8112135,0.6809053,0.5473268480124034,False,False,False,False
C223.JK,Company C223in Entertainment,CNMA.JK,Nusantara Sejahtera Raya Tbk.,PT Nusantara Sejahtera Raya Tbk,222,High Risk,High Risk,0,0.9143243,0.04000179,0.045673877,0.9143243,0.86865044,0.32005380344019824,False,False,False,False
C224.JK,Company C224in Textile Manufacturing,CNTX.JK,Century Textile Industry Tbk.,PT Century Textile Industry Tbk,223,Low Risk,Low Risk,1,0.059844628,0.7141372,0.22601822,0.7141372,0.48811898,0.6782002781344468,False,False,False,False
C225.JK,Company C225in Thermal Coal,COAL.JK,Black Diamond Resources Tbk.,PT Black Diamond Resources Tbk,224,High Risk,High Risk,0,0.8776576,0.04537213,0.07697032,0.8776576,0.80068725,0.4116469587420663,False,False,False,False
C226.JK,Company C226in Confectioners,COCO.JK,Wahana Interfood Nusantara Tbk.,PT Wahana Interfood Nusantara Tbk,225,High Risk,High Risk,0,0.78563434,0.09453613,0.11982955,0.78563434,0.6658048,0.6069247495700195,False,False,False,False
C227.JK,Company C227in Farm Products,CPIN.JK,Charoen Pokphand Indonesia Tbk,PT Charoen Pokphand Indonesia Tbk,226,High Risk,High Risk,0,0.91476744,0.039794892,0.045437627,0.91476744,0.8693298,0.3188189170897302,False,False,False,False
C228.JK,Company C228in Farm Products,CPRO.JK,Central Proteina Prima Tbk.,PT Central Proteina Prima Tbk,227,High Risk,High Risk,0,0.9152844,0.039635632,0.045079973,0.9152844,0.87020445,0.3173853236851526,False,False,False,False
C229.JK,Company C229in Packaged Foods,CRAB.JK,Toba Surimi Industries Tbk.,PT Toba Surimi Industries Tbk,228,High Risk,High Risk,0,0.91533905,0.039528023,0.045132916,0.91533905,0.8702061,0.3172227229913187,False,False,False,False
C230.JK,Company C230in Specialty Business Services,CRSN.JK,Carsurin Tbk.,PT Carsurin Tbk,229,Low Risk,Low Risk,1,0.061982326,0.87869734,0.059320386,0.87869734,0.816715,0.4128516524712068,False,False,False,False
C231.JK,Company C231in Industrial Distribution,CSAP.JK,Catur Sentosa Adiprana Tbk.,PT Catur Sentosa Adiprana Tbk,230,Low Risk,Low Risk,1,0.05569727,0.81253767,0.13176507,0.81253767,0.6807726,0.5430250098361982,False,False,False,False
C232.JK,Company C232in Real Estate - Development,CSIS.JK,Cahayasakti Investindo Sukses T,PT Cahayasakti Investindo Sukses Tbk,231,Low Risk,Low Risk,1,0.04500503,0.90738,0.047615048,0.90738,0.85976493,0.3392649913222165,False,False,False,False
C233.JK,Company C233in Restaurants,CSMI.JK,Cipta Selera Murni Tbk.,PT Cipta Selera Murni Tbk,232,Medium Risk,Medium Risk,2,0.06515595,0.15237293,0.7824712,0.7824712,0.6300982,0.5976229807492872,False,False,False,False
C234.JK,Company C234in Farm Products,CSRA.JK,Cisadane Sawit Raya Tbk.,PT Cisadane Sawit Raya Tbk,233,High Risk,High Risk,0,0.89775497,0.042582948,0.059662137,0.89775497,0.8380928,0.36357300836033585,False,False,False,False
C235.JK,Company C235in Oil & Gas Equipment & Services,CTBN.JK,Citra Tubindo Tbk,PT Citra Tubindo Tbk,234,Low Risk,Low Risk,1,0.046960227,0.89864045,0.054399356,0.89864045,0.8442411,0.3623151723623898,False,False,False,False
C236.JK,Company C236in Real Estate - Development,CTRA.JK,Ciputra Development Tbk,PT Ciputra Development Tbk,235,Low Risk,Low Risk,1,0.05269171,0.8869542,0.060354132,0.8869542,0.8266001,0.3922529061157814,False,False,False,False
C237.JK,Company C237in Building Materials,CTTH.JK,Citatah Tbk.,PT Citatah Tbk,236,Medium Risk,Medium Risk,2,0.06471453,0.061304674,0.87398076,0.87398076,0.8092662,0.4242192150918785,False,False,False,False
C238.JK,Company C238in Thermal Coal,CUAN.JK,Petrindo Jaya Kreasi Tbk.,PT Petrindo Jaya Kreasi Tbk,237,Low Risk,Low Risk,1,0.046960227,0.89864045,0.054399356,0.89864045,0.8442411,0.3623151723623898,False,False,False,False
C239.JK,Company C239in Software - Infrastructure,CYBR.JK,ITSEC Asia Tbk.,PT ITSEC Asia Tbk,238,Medium Risk,Medium Risk,2,0.070849076,0.060654182,0.8684968,0.8684968,0.7976477,0.4369056228797375,False,False,False,False
D240.JK,Company D240in Other Industrial Metals & Mining,DAAZ.JK,Daaz Bara Lestari Tbk.,,239,High Risk,High Risk,0,0.9152844,0.039635632,0.045079973,0.9152844,0.87020445,0.3173853236851526,False,False,False,False
D241.JK,Company D241in Real Estate Services,DADA.JK,Diamond Citra Propertindo Tbk.,PT Diamond Citra Propertindo Tbk,240,Low Risk,Low Risk,1,0.049636763,0.8408469,0.10951639,0.8408469,0.7313305,0.4888284136087891,False,False,False,False
D242.JK,Company D242in Real Estate Services,DART.JK,Duta Anggada Realty Tbk.,PT Duta Anggada Realty Tbk.,241,Low Risk,Low Risk,1,0.05569727,0.81253767,0.13176507,0.81253767,0.6807726,0.5430250098361982,False,False,False,False
D243.JK,Company D243in Telecom Services,DATA.JK,Remala Abadi Tbk.,,242,High Risk,High Risk,0,0.87512046,0.036578357,0.08830117,0.87512046,0.7868193,0.4114780102733981,False,False,False,False
D244.JK,Company D244in Specialty Retail,DAYA.JK,Duta Intidaya Tbk.,PT Duta Intidaya Tbk,243,High Risk,High Risk,0,0.873397,0.03626704,0.09033592,0.873397,0.7830611,0.41480245388856996,False,False,False,False
D245.JK,Company D245in Information Technology Services,DCII.JK,DCI Indonesia Tbk.,PT DCI Indonesia Tbk,244,Medium Risk,Medium Risk,2,0.12085163,0.12051142,0.758637,0.758637,0.6377854,0.655322897631431,False,False,False,False
D246.JK,Company D246in Credit Services,DEFI.JK,Danasupra Erapacific Tbk.,PT Danasupra Erapacific Tbk,245,High Risk,High Risk,0,0.8517102,0.039205045,0.10908478,0.8517102,0.7426254,0.46001835934199636,False,False,False,False
D247.JK,Company D247in Home Improvement Retail,DEPO.JK,Caturkarda Depo Bangunan Tbk.,PT Caturkarda Depo Bangunan Tbk,246,Medium Risk,Medium Risk,2,0.34160188,0.06579405,0.59260404,0.59260404,0.25100216,0.7791881673184035,True,False,False,True
D248.JK,Company D248in Thermal Coal,DEWA.JK,Darma Henwa Tbk,PT Darma Henwa Tbk,247,Medium Risk,Medium Risk,2,0.06280107,0.05892301,0.8782759,0.8782759,0.8154748,0.4138466797401134,False,False,False,False
D249.JK,Company D249in Farm Products,DEWI.JK,Dewi Shri Farmindo Tbk.,PT Dewi Shri Farmindo Tbk.,248,High Risk,High Risk,0,0.87228686,0.04250941,0.08520372,0.87228686,0.78708315,0.4216816785382236,False,False,False,False
D250.JK,Company D250in Real Estate Services,DFAM.JK,Dafam Property Indonesia Tbk.,PT Dafam Property Indonesia Tbk,249,Medium Risk,Medium Risk,2,0.06475267,0.096693955,0.83855337,0.83855337,0.74185944,0.5013475819442815,False,False,False,False
D251.JK,Company D251in Engineering & Construction,DGIK.JK,Nusa Konstruksi Enjiniring Tbk.,PT Nusa Konstruksi Enjiniring Tbk,250,High Risk,High Risk,0,0.88311017,0.037694477,0.079195306,0.88311017,0.80391484,0.3952016645442824,False,False,False,False
D252.JK,Company D252in Diagnostics & Research,DGNS.JK,Diagnos Laboratorium Utama Tbk.,PT Diagnos Laboratorium Utama Tbk,251,Low Risk,Low Risk,1,0.16343088,0.66044426,0.17612486,0.66044426,0.4843194,0.797246827159343,False,False,False,False
D253.JK,Company D253in Agricultural Inputs,DGWG.JK,Delta Giri Wacana Tbk.,,252,High Risk,High Risk,0,0.9143243,0.04000179,0.045673877,0.9143243,0.86865044,0.32005380344019824,False,False,False,False
D254.JK,Company D254in Internet Content & Information,DIGI.JK,Arkadia Digital Media Tbk.,PT Arkadia Digital Media Tbk,253,Medium Risk,Medium Risk,2,0.07173977,0.061416723,0.86684346,0.86684346,0.79510367,0.4407741033509051,False,False,False,False
D255.JK,Company D255in Real Estate - Development,DILD.JK,Intiland Development Tbk,PT Intiland Development Tbk,254,Low Risk,Low Risk,1,0.04820569,0.8923077,0.059486624,0.8923077,0.8328211,0.37840271248104773,False,False,False,False
D256.JK,Company D256in Software - Application,DIVA.JK,Distribusi Voucher Nusantara Tb,PT Distribusi Voucher Nusantara Tbk,255,Medium Risk,Medium Risk,2,0.061272316,0.057228364,0.8814993,0.8814993,0.82022697,0.4059634758314022,False,False,False,False
D257.JK,Company D257in Other Industrial Metals & Mining,DKFT.JK,Central Omega Resources Tbk.,PT Central Omega Resources Tbk,256,High Risk,High Risk,0,0.9152844,0.039635632,0.045079973,0.9152844,0.87020445,0.3173853236851526,False,False,False,False
D258.JK,Company D258in Beverages - Brewers,DLTA.JK,Delta Djakarta Tbk,PT Delta Djakarta Tbk,257,High Risk,High Risk,0,0.91476744,0.039794892,0.045437627,0.91476744,0.8693298,0.3188189170897302,False,False,False,False
D259.JK,Company D259in Real Estate - Development,DMAS.JK,Puradelta Lestari Tbk.,PT Puradelta Lestari Tbk,258,High Risk,High Risk,0,0.9143243,0.04000179,0.045673877,0.9143243,0.86865044,0.32005380344019824,False,False,False,False
D260.JK,Company D260in Advertising Agencies,DMMX.JK,Digital Mediatama Maxima Tbk.,PT Digital Mediatama Maxima Tbk,259,High Risk,High Risk,0,0.7456799,0.05536293,0.19895719,0.7456799,0.5467227,0.6374291171727274,False,False,False,False
D261.JK,Company D261in Packaged Foods,DMND.JK,Diamond Food Indonesia Tbk.,PT Diamond Food Indonesia Tbk,260,High Risk,High Risk,0,0.91476744,0.039794892,0.045437627,0.91476744,0.8693298,0.3188189170897302,False,False,False,False
D262.JK,Company D262in Banks - Regional,DNAR.JK,Bank Oke Indonesia Tbk.,PT Bank Oke Indonesia Tbk,261,High Risk,High Risk,0,0.8864853,0.03801204,0.075502716,0.8864853,0.8109826,0.3879210652089488,False,False,False,False
D263.JK,Company D263in Telecom Services,DNET.JK,Indoritel Makmur Internasional ,PT Indoritel Makmur Internasional Tbk.,262,Medium Risk,Medium Risk,2,0.07768199,0.066472024,0.855846,0.855846,0.778164,0.46596676690664474,False,False,False,False
D264.JK,Company D264in Thermal Coal,DOID.JK,BUMA Internasional Grup Tbk.,PT Buma Internasional Grup Tbk,263,Low Risk,Low Risk,1,0.047723882,0.89699215,0.055283986,0.89699215,0.8417082,0.3666116122172616,False,False,False,False
D265.JK,Company D265in Advertising Agencies,DOOH.JK,Era Media Sejahtera Tbk.,PT Era Media Sejahtera Tbk,264,Medium Risk,Medium Risk,2,0.07502831,0.06432092,0.8606508,0.8606508,0.7856225,0.45508147240992675,False,False,False,False
D266.JK,Company D266in Specialty Retail,DOSS.JK,Global Sukses Digital Tbk.,,265,Medium Risk,Medium Risk,2,0.073320664,0.05883909,0.86784023,0.86784023,0.79451954,0.43808261969389567,False,False,False,False
D267.JK,Company D267in Specialty Chemicals,DPNS.JK,Duta Pertiwi Nusantara Tbk,PT Duta Pertiwi Nusantara Tbk,266,Low Risk,Low Risk,1,0.0769114,0.7569828,0.16610578,0.7569828,0.59087706,0.6428311820657351,False,False,False,False
D268.JK,Company D268in Packaged Foods,DPUM.JK,Dua Putra Utama Makmur Tbk.,PT Dua Putra Utama Makmur Tbk,267,Low Risk,Low Risk,1,0.049685214,0.84071517,0.10959964,0.84071517,0.7311155,0.4891076071925292,False,False,False,False
D269.JK,Company D269in Auto Parts,DRMA.JK,Dharma Polimetal Tbk.,PT Dharma Polimetal Tbk,268,High Risk,High Risk,0,0.91476744,0.039794892,0.045437627,0.91476744,0.8693298,0.3188189170897302,False,False,False,False
D270.JK,Company D270in Farm Products,DSFI.JK,Dharma Samudera Fishing Industr,PT Dharma Samudera Fishing Industries Tbk,269,High Risk,High Risk,0,0.8869196,0.040529747,0.07255068,0.8869196,0.81436896,0.3883924010540211,False,False,False,False
D271.JK,Company D271in Farm Products,DSNG.JK,Dharma Satya Nusantara Tbk.,PT Dharma Satya Nusantara Tbk,270,Low Risk,Low Risk,1,0.12406504,0.8040503,0.071884595,0.8040503,0.6799853,0.5675575319364078,False,False,False,False
D272.JK,Company D272in Thermal Coal,DSSA.JK,Dian Swastatika Sentosa Tbk,PT Dian Swastatika Sentosa Tbk,271,Low Risk,Low Risk,1,0.046960227,0.89864045,0.054399356,0.89864045,0.8442411,0.3623151723623898,False,False,False,False
D273.JK,Company D273in Real Estate - Development,DUTI.JK,Duta Pertiwi Tbk,PT Duta Pertiwi Tbk,272,Low Risk,Low Risk,1,0.2093456,0.7151322,0.07552217,0.7151322,0.5057866,0.6938225317831952,False,False,False,False
D274.JK,Company D274in Drug Manufacturers - Specialty & Generic,DVLA.JK,Darya-Varia Laboratoria Tbk,PT Darya-Varia Laboratoria Tbk,273,High Risk,High Risk,0,0.91476744,0.039794892,0.045437627,0.91476744,0.8693298,0.3188189170897302,False,False,False,False
D275.JK,Company D275in Thermal Coal,DWGL.JK,Dwi Guna Laksana Tbk.,PT Dwi Guna Laksana Tbk,274,High Risk,High Risk,0,0.873397,0.03626704,0.09033592,0.873397,0.7830611,0.41480245388856996,False,False,False,False
D276.JK,Company D276in Entertainment,DYAN.JK,Dyandra Media International Tbk,PT Dyandra Media International Tbk,275,High Risk,High Risk,0,0.8946209,0.038943887,0.06643523,0.8946209,0.8281857,0.36970211048982027,False,False,False,False
E277.JK,Company E277in Lodging,EAST.JK,Eastparc Hotel Tbk.,PT Eastparc Hotel Tbk,276,Medium Risk,Medium Risk,2,0.06471453,0.061304674,0.87398076,0.87398076,0.8092662,0.4242192150918785,False,False,False,False
E278.JK,Company E278in Specialty Retail,ECII.JK,Electronic City Indonesia Tbk.,PT Electronic City Indonesia Tbk,277,Medium Risk,Medium Risk,2,0.06313564,0.058901973,0.87796235,0.87796235,0.8148267,0.41459742618686884,False,False,False,False
E279.JK,Company E279in Information Technology Services,EDGE.JK,Indointernet Tbk.,PT Indointernet Tbk.,278,Low Risk,Low Risk,1,0.056580443,0.85533017,0.08808938,0.85533017,0.76724076,0.4643761881475098,False,False,False,False
E280.JK,Company E280in Specialty Chemicals,EKAD.JK,Ekadharma International Tbk,PT Ekadharma International Tbk,279,Low Risk,Low Risk,1,0.20482334,0.6581304,0.13704626,0.6581304,0.45330706,0.7941568714316419,False,False,False,False
E281.JK,Company E281in Information Technology Services,ELIT.JK,Data Sinergitama Jaya Tbk.,PT Data Sinergitama Jaya Tbk,280,High Risk,High Risk,0,0.9123167,0.040939126,0.046744123,0.9123167,0.8655726,0.32561974400745525,False,False,False,False
E282.JK,Company E282in Marine Shipping,ELPI.JK,Pelayaran Nasional Ekalya Purna,PT Pelayaran Nasional Ekalya Purnamasari Tbk,281,High Risk,High Risk,0,0.7847919,0.1508112,0.06439691,0.7847919,0.6339807,0.5935653420135044,False,False,False,False
E283.JK,Company E283in Oil & Gas Equipment & Services,ELSA.JK,Elnusa Tbk,PT Elnusa Tbk,282,High Risk,High Risk,0,0.91476744,0.039794892,0.045437627,0.91476744,0.8693298,0.3188189170897302,False,False,False,False
E284.JK,Company E284in Real Estate Services,ELTY.JK,Bakrieland Development Tbk,PT Bakrieland Development Tbk,283,Low Risk,Low Risk,1,0.059841502,0.7039002,0.23625824,0.7039002,0.46764198,0.688641445410703,False,False,False,False
E285.JK,Company E285in Real Estate Services,EMDE.JK,Megapolitan Developments Tbk.,PT Megapolitan Developments Tbk,284,Low Risk,Low Risk,1,0.113951445,0.7622508,0.12379778,0.7622508,0.638453,0.6490577523788941,False,False,False,False
E286.JK,Company E286in Broadcasting,EMTK.JK,Elang Mahkota Teknologi Tbk,PT Elang Mahkota Teknologi Tbk,285,High Risk,High Risk,0,0.91476744,0.039794892,0.045437627,0.91476744,0.8693298,0.3188189170897302,False,False,False,False
E287.JK,Company E287in Restaurants,ENAK.JK,Champ Resto Indonesia Tbk.,PT Champ Resto Indonesia Tbk,286,High Risk,High Risk,0,0.6500012,0.06789938,0.28209934,0.6500012,0.3679019,0.7460636335802224,False,False,False,False
E288.JK,Company E288in Oil & Gas E&P,ENRG.JK,Energi Mega Persada Tbk,PT Energi Mega Persada Tbk,287,Low Risk,Low Risk,1,0.046960227,0.89864045,0.054399356,0.89864045,0.8442411,0.3623151723623898,False,False,False,False
E289.JK,Company E289in Packaged Foods,ENZO.JK,Morenzo Abadi Perkasa Tbk.,PT Morenzo Abadi Perkasa Tbk,288,High Risk,High Risk,0,0.91533905,0.039528023,0.045132916,0.91533905,0.8702061,0.3172227229913187,False,False,False,False
E290.JK,Company E290in Packaging & Containers,EPAC.JK,Megalestari Epack Sentosaraya T,PT Megalestari Epack Sentosaraya Tbk,289,Medium Risk,Medium Risk,2,0.06471453,0.061304674,0.87398076,0.87398076,0.8092662,0.4242192150918785,False,False,False,False
E291.JK,Company E291in Medical Distribution,EPMT.JK,Enseval Putera Megatrading Tbk,PT Enseval Putera Megatrading Tbk.,290,High Risk,High Risk,0,0.91476744,0.039794892,0.045437627,0.91476744,0.8693298,0.3188189170897302,False,False,False,False
E292.JK,Company E292in Specialty Retail,ERAA.JK,Erajaya Swasembada Tbk.,PT Erajaya Swasembada Tbk,291,High Risk,High Risk,0,0.873397,0.03626704,0.09033592,0.873397,0.7830611,0.41480245388856996,False,False,False,False
E293.JK,Company E293in Specialty Retail,ERAL.JK,Sinar Eka Selaras Tbk.,PT Sinar Eka Selaras Tbk,292,High Risk,High Risk,0,0.91476744,0.039794892,0.045437627,0.91476744,0.8693298,0.3188189170897302,False,False,False,False
E294.JK,Company E294in Apparel Manufacturing,ERTX.JK,Eratex Djaja Tbk,PT Eratex Djaja Tbk,293,Medium Risk,Medium Risk,2,0.06881448,0.08067844,0.85050714,0.85050714,0.7698287,0.4778553896085912,False,False,False,False
E295.JK,Company E295in Packaging & Containers,ESIP.JK,Sinergi Inti Plastindo Tbk.,PT Sinergi Inti Plastindo Tbk,294,Medium Risk,Medium Risk,2,0.06471453,0.061304674,0.87398076,0.87398076,0.8092662,0.4242192150918785,False,False,False,False
E296.JK,Company E296in Lodging,ESTA.JK,Esta Multi Usaha Tbk.,PT Esta Multi Usaha Tbk,295,Medium Risk,Medium Risk,2,0.06471453,0.061304674,0.87398076,0.87398076,0.8092662,0.4242192150918785,False,False,False,False
E297.JK,Company E297in Textile Manufacturing,ESTI.JK,Ever Shine Tex Tbk.,PT Ever Shine Tex Tbk,296,Medium Risk,Medium Risk,2,0.10023099,0.43752107,0.4622479,0.4622479,0.024726838,0.8637467131233906,True,True,True,True
E298.JK,Company E298in ,ETWA.JK,"ETWA.JK,0P0000AV1H,0",PT Eterindo Wahanatama Tbk,297,High Risk,High Risk,0,0.91533905,0.039528023,0.045132916,0.91533905,0.8702061,0.3172227229913187,False,False,False,False
E299.JK,Company E299in Household & Personal Products,EURO.JK,Estee Gold Feet Tbk.,PT Estee Gold Feet Tbk,298,Low Risk,Low Risk,1,0.06361842,0.8029948,0.13338675,0.8029948,0.66960806,0.5644848291351795,False,False,False,False
E300.JK,Company E300in Telecom Services,EXCL.JK,XLSMART Telecom Sejahtera Tbk.,PT XLSMART Telecom Sejahtera Tbk,299,High Risk,High Risk,0,0.85914594,0.09219294,0.04866112,0.85914594,0.766953,0.4526666595030694,False,False,False,False
F301.JK,Company F301in Farm Products,FAPA.JK,FAP Agri Tbk.,PT FAP Agri Tbk,300,High Risk,High Risk,0,0.9143243,0.04000179,0.045673877,0.9143243,0.86865044,0.32005380344019824,False,False,False,False
F302.JK,Company F302in Restaurants,FAST.JK,Fast Food Indonesia Tbk,PT Fast Food Indonesia Tbk,301,Medium Risk,Medium Risk,2,0.061272316,0.057228364,0.8814993,0.8814993,0.82022697,0.4059634758314022,False,False,False,False
F303.JK,Company F303in Packaging & Containers,FASW.JK,Fajar Surya Wisesa Tbk,PT Fajar Surya Wisesa Tbk,302,Medium Risk,Medium Risk,2,0.061841443,0.05808838,0.88007015,0.88007015,0.8182287,0.40947607400320263,False,False,False,False
F304.JK,Company F304in Entertainment,FILM.JK,MD Entertainment Tbk.,PT.MD Entertainment Tbk,303,Medium Risk,Medium Risk,2,0.07201622,0.06688036,0.8611035,0.8611035,0.78908724,0.4543333030512451,False,False,False,False
F305.JK,Company F305in Engineering & Construction,FIMP.JK,Fimperkasa Utama Tbk.,PT Fimperkasa Utama Tbk,304,Low Risk,Low Risk,1,0.04905211,0.8658142,0.08513367,0.8658142,0.78068054,0.4390686407181655,False,False,False,False
F306.JK,Company F306in Thermal Coal,FIRE.JK,Alfa Energi Investama Tbk.,PT Alfa Energi Investama Tbk,305,High Risk,High Risk,0,0.873397,0.03626704,0.09033592,0.873397,0.7830611,0.41480245388856996,False,False,False,False
F307.JK,Company F307in Farm Products,FISH.JK,FKS Multi Agro Tbk,PT FKS Multi Agro Tbk,306,Low Risk,Low Risk,1,0.046960227,0.89864045,0.054399356,0.89864045,0.8442411,0.3623151723623898,False,False,False,False
F308.JK,Company F308in Lodging,FITT.JK,Hotel Fitra International Tbk.,PT Hotel Fitra International Tbk,307,Medium Risk,Medium Risk,2,0.06471453,0.061304674,0.87398076,0.87398076,0.8092662,0.4242192150918785,False,False,False,False
F309.JK,Company F309in Household & Personal Products,FLMC.JK,Falmaco Nonwoven Industri Tbk.,PT Falmaco Nonwoven Industri Tbk,308,Low Risk,Low Risk,1,0.05453922,0.8510865,0.094374254,0.8510865,0.75671226,0.47209128453208216,False,False,False,False
F310.JK,Company F310in Real Estate - Development,FMII.JK,Fortune Mate Indonesia Tbk,PT Fortune Mate Indonesia Tbk,309,High Risk,High Risk,0,0.7249241,0.1408132,0.13426268,0.7249241,0.58411086,0.7089238338596402,False,False,False,False
F311.JK,Company F311in Internet Retail,FOLK.JK,Multi Garam Utama Tbk.,PT Multi Garam Utama Tbk,310,Medium Risk,Medium Risk,2,0.061272316,0.057228364,0.8814993,0.8814993,0.82022697,0.4059634758314022,False,False,False,False
F312.JK,Company F312in Packaged Foods,FOOD.JK,Sentra Food Indonesia Tbk.,PT Sentra Food Indonesia Tbk,311,High Risk,High Risk,0,0.91533905,0.039528023,0.045132916,0.91533905,0.8702061,0.3172227229913187,False,False,False,False
F313.JK,Company F313in Advertising Agencies,FORU.JK,Fortune Indonesia Tbk,PT Fortune Indonesia Tbk,312,Low Risk,Low Risk,1,0.0602393,0.7624713,0.1772894,0.7624713,0.58518195,0.6214372819669567,False,False,False,False
F314.JK,Company F314in Specialty Chemicals,FPNI.JK,Lotte Chemical Titan Tbk.,PT Lotte Chemical Titan Tbk,313,Low Risk,Low Risk,1,0.046960227,0.89864045,0.054399356,0.89864045,0.8442411,0.3623151723623898,False,False,False,False
F315.JK,Company F315in Credit Services,FUJI.JK,Fuji Finance Indonesia Tbk.,PT Fuji Finance Indonesia Tbk,314,High Risk,High Risk,0,0.8577408,0.03624562,0.10601358,0.8577408,0.7517272,0.44581708492988564,False,False,False,False
F316.JK,Company F316in Utilities - Renewable,FUTR.JK,Futura Energi Global Tbk.,PT Lini Imaji Kreasi Ekosistem Tbk,315,Low Risk,Low Risk,1,0.049094412,0.8903223,0.06058332,0.8903223,0.82973903,0.3834482168936163,False,False,False,False
F317.JK,Company F317in Lumber & Wood Production,FWCT.JK,Wijaya Cahaya Timber Tbk.,PT Wijaya Cahaya Timber Tbk,316,High Risk,High Risk,0,0.82933885,0.085118905,0.08554225,0.82933885,0.7437966,0.5235930604516073,False,False,False,False
G318.JK,Company G318in Steel,GDST.JK,Gunawan Dianjaya Steel Tbk.,PT Gunawan Dianjaya Steel Tbk,317,High Risk,High Risk,0,0.8540954,0.08099487,0.06490973,0.8540954,0.77310055,0.46948668943402333,False,False,False,False
G319.JK,Company G319in Auto Parts,GDYR.JK,Goodyear Indonesia Tbk,PT Goodyear Indonesia Tbk,318,Medium Risk,Medium Risk,2,0.06610404,0.1543373,0.77955866,0.77955866,0.6252214,0.6026708723592293,False,False,False,False
G320.JK,"Company G320in Furnishings, Fixtures & Appliances",GEMA.JK,Gema Grahasarana Tbk,PT Gema Grahasarana Tbk,319,Low Risk,Low Risk,1,0.058523037,0.7782307,0.16324626,0.7782307,0.61498445,0.5981350888404109,False,False,False,False
G321.JK,Company G321in Thermal Coal,GEMS.JK,Golden Energy Mines Tbk.,PT Golden Energy Mines Tbk,320,Low Risk,Low Risk,1,0.046960227,0.89864045,0.054399356,0.89864045,0.8442411,0.3623151723623898,False,False,False,False
G322.JK,Company G322in Tobacco,GGRM.JK,Gudang Garam Tbk,PT Gudang Garam Tbk,321,Medium Risk,Medium Risk,2,0.070969254,0.061467703,0.867563,0.867563,0.7965938,0.43914522092482094,False,False,False,False
G323.JK,Company G323in Steel,GGRP.JK,Gunung Raja Paksi Tbk.,PT Gunung Raja Paksi Tbk,322,Low Risk,Low Risk,1,0.046960227,0.89864045,0.054399356,0.89864045,0.8442411,0.3623151723623898,False,False,False,False
G324.JK,Company G324in Telecom Services,GHON.JK,Gihon Telekomunikasi Indonesia ,PT Gihon Telekomunikasi Indonesia Tbk,323,Medium Risk,Medium Risk,2,0.06313564,0.058901973,0.87796235,0.87796235,0.8148267,0.41459742618686884,False,False,False,False
G325.JK,Company G325in Airlines,GIAA.JK,Garuda Indonesia (Persero) Tbk.,PT. Garuda Indonesia (Persero) Tbk,324,Low Risk,Low Risk,1,0.046960227,0.89864045,0.054399356,0.89864045,0.8442411,0.3623151723623898,False,False,False,False
G326.JK,Company G326in Auto Parts,GJTL.JK,Gajah Tunggal Tbk,PT. Gajah Tunggal Tbk,325,Low Risk,Low Risk,1,0.12814778,0.79760206,0.0742502,0.79760206,0.6694543,0.5795827674335072,False,False,False,False
G327.JK,Company G327in Specialty Retail,GLOB.JK,Globe Kita Terang Tbk.,PT Globe Kita Terang Tbk,326,Medium Risk,Medium Risk,2,0.06378648,0.070697434,0.8655161,0.8655161,0.7948187,0.44407103994179475,False,False,False,False
G328.JK,Company G328in Electronics & Computer Distribution,GLVA.JK,Galva Technologies Tbk.,PT Galva Technologies Tbk,327,High Risk,High Risk,0,0.90230995,0.048156686,0.049533356,0.90230995,0.8527766,0.35288294863063857,False,False,False,False
G329.JK,Company G329in Aerospace & Defense,GMFI.JK,Garuda Maintenance Facility Aer,PT Garuda Maintenance Facility Aero Asia Tbk,328,Low Risk,Low Risk,1,0.046960227,0.89864045,0.054399356,0.89864045,0.8442411,0.3623151723623898,False,False,False,False
G330.JK,Company G330in Real Estate - Development,GMTD.JK,Gowa Makassar Tourism Developme,PT Gowa Makassar Tourism Development Tbk,329,High Risk,High Risk,0,0.8745065,0.047525443,0.077968106,0.8745065,0.79653835,0.41960701412986184,False,False,False,False
G331.JK,Company G331in Telecom Services,GOLD.JK,Visi Telekomunikasi Infrastrukt,PT Visi Telekomunikasi Infrastruktur Tbk,330,Medium Risk,Medium Risk,2,0.061272316,0.057228364,0.8814993,0.8814993,0.82022697,0.4059634758314022,False,False,False,False
G332.JK,Company G332in Leisure,GOLF.JK,Intra Golflink Resorts Tbk.,,331,Low Risk,Low Risk,1,0.06413449,0.80131197,0.13455357,0.80131197,0.6667584,0.567574242318023,False,False,False,False
G333.JK,Company G333in Packaged Foods,GOOD.JK,Garudafood Putra Putri Jaya Tbk,PT Garudafood Putra Putri Jaya Tbk,332,High Risk,High Risk,0,0.91476744,0.039794892,0.045437627,0.91476744,0.8693298,0.3188189170897302,False,False,False,False
G334.JK,Company G334in Software - Infrastructure,GOTO.JK,GoTo Gojek Tokopedia Tbk.,PT GoTo Gojek Tokopedia Tbk,333,Medium Risk,Medium Risk,2,0.06313564,0.058901973,0.87796235,0.87796235,0.8148267,0.41459742618686884,False,False,False,False
G335.JK,Company G335in Real Estate - Development,GPRA.JK,Perdana Gapuraprima Tbk,PT Perdana Gapuraprima Tbk,334,Low Risk,Low Risk,1,0.051857837,0.8887431,0.059399012,0.8887431,0.8293441,0.38775889855100104,False,False,False,False
G336.JK,Company G336in Scientific & Technical Instruments,GPSO.JK,Geoprima Solusi Tbk.,PT Geoprima Solusi Tbk,335,Medium Risk,Medium Risk,2,0.06734222,0.121171534,0.8114862,0.8114862,0.69031465,0.5524561756054769,False,False,False,False
G337.JK,Company G337in Real Estate - Development,GRIA.JK,Ingria Pratama Capitalindo Tbk.,PT Ingria Pratama Capitalindo Tbk,336,Low Risk,Low Risk,1,0.05693777,0.81286246,0.1301998,0.81286246,0.68266267,0.5434384832722035,False,False,False,False
G338.JK,Company G338in Lodging,GRPH.JK,Griptha Putra Persada Tbk.,,337,Medium Risk,Medium Risk,2,0.06471453,0.061304674,0.87398076,0.87398076,0.8092662,0.4242192150918785,False,False,False,False
G339.JK,Company G339in Beverages - Non-Alcoholic,GRPM.JK,Graha Prima Mentari Tbk.,PT Graha Prima Mentari Tbk,338,High Risk,High Risk,0,0.8593082,0.050911304,0.08978049,0.8593082,0.7695277,0.45357010520000685,False,False,False,False
G340.JK,Company G340in Insurance - Diversified,GSMF.JK,Equity Development Investment T,PT Equity Development Investment Tbk,339,High Risk,High Risk,0,0.8728383,0.0368836,0.09027813,0.8728383,0.78256017,0.4164636177336835,False,False,False,False
G341.JK,Company G341in Thermal Coal,GTBO.JK,Garda Tujuh Buana Tbk,PT Garda Tujuh Buana Tbk,340,Low Risk,Low Risk,1,0.046960227,0.89864045,0.054399356,0.89864045,0.8442411,0.3623151723623898,False,False,False,False
G342.JK,Company G342in Integrated Freight & Logistics,GTRA.JK,Grahaprima Suksesmandiri Tbk.,PT Grahaprima Suksesmandiri Tbk,341,Low Risk,Low Risk,1,0.061920665,0.8788179,0.0592614,0.8788179,0.8168973,0.4125581085759822,False,False,False,False
G343.JK,Company G343in Marine Shipping,GTSI.JK,GTS Internasional Tbk.,PT GTS Internasional Tbk,342,Low Risk,Low Risk,1,0.046960227,0.89864045,0.054399356,0.89864045,0.8442411,0.3623151723623898,False,False,False,False
G344.JK,Company G344in Farm Products,GULA.JK,Aman Agrindo Tbk.,PT Aman Agrindo Tbk,343,High Risk,High Risk,0,0.86292815,0.03687983,0.10019207,0.86292815,0.7627361,0.436397366857103,False,False,False,False
G345.JK,Company G345in Packaged Foods,GUNA.JK,Gunanusa Eramandiri Tbk.,,344,High Risk,High Risk,0,0.91476744,0.039794892,0.045437627,0.91476744,0.8693298,0.3188189170897302,False,False,False,False
G346.JK,Company G346in Real Estate - Development,GWSA.JK,Greenwood Sejahtera Tbk.,PT Greenwood Sejahtera Tbk,345,Low Risk,Low Risk,1,0.05054734,0.8379513,0.111501366,0.8379513,0.72644997,0.49482830868042726,False,False,False,False
H347.JK,Company H347in Specialty Retail,HADE.JK,Himalaya Energi Perkasa Tbk.,PT Himalaya Energi Perkasa Tbk,346,Medium Risk,Medium Risk,2,0.061272316,0.057228364,0.8814993,0.8814993,0.82022697,0.4059634758314022,False,False,False,False
H348.JK,Company H348in Marine Shipping,HAIS.JK,Hasnur Internasional Shipping T,PT Hasnur Internasional Shipping Tbk,347,Low Risk,Low Risk,1,0.046927024,0.8851306,0.0679424,0.8851306,0.8171882,0.3952847281619867,False,False,False,False
H349.JK,Company H349in Travel Services,HAJJ.JK,Arsy Buana Travelindo Tbk.,PT Arsy Buana Travelindo Tbk,348,Medium Risk,Medium Risk,2,0.062171247,0.058067963,0.8797608,0.8797608,0.8175896,0.41022180191002494,False,False,False,False
H350.JK,Company H350in Marine Shipping,HATM.JK,Habco Trans Maritima Tbk.,PT Habco Trans Maritima Tbk,349,Low Risk,Low Risk,1,0.049094412,0.8903223,0.06058332,0.8903223,0.82973903,0.3834482168936163,False,False,False,False
H351.JK,Company H351in Real Estate - Development,HBAT.JK,Minahasa Membangun Hebat Tbk.,PT Minahasa Membangun Hebat Tbk,350,Low Risk,Low Risk,1,0.047390282,0.89412934,0.0584804,0.89412934,0.83564895,0.3737405431376427,False,False,False,False
H352.JK,Company H352in Credit Services,HDFA.JK,Radana Bhaskara Finance Tbk.,PT Radana Bhaskara Finance Tbk,351,Medium Risk,Medium Risk,2,0.13030821,0.058478322,0.8112135,0.8112135,0.6809053,0.5473268480124034,False,False,False,False
H353.JK,Company H353in Software - Infrastructure,HDIT.JK,Hensel Davest Indonesia Tbk.,PT Hensel Davest Indonesia Tbk,352,Low Risk,Low Risk,1,0.05693777,0.81286246,0.1301998,0.81286246,0.68266267,0.5434384832722035,False,False,False,False
H354.JK,Company H354in Medical Care Facilities,HEAL.JK,Medikaloka Hermina Tbk.,PT Medikaloka Hermina Tbk,353,High Risk,High Risk,0,0.9154987,0.039644912,0.04485645,0.9154987,0.87064224,0.31679872418507526,False,False,False,False
H355.JK,Company H355in Airports & Air Services,HELI.JK,Jaya Trishindo Tbk.,PT Jaya Trishindo Tbk,354,High Risk,High Risk,0,0.861465,0.048411008,0.09012401,0.861465,0.77134097,0.44778484087404996,False,False,False,False
H356.JK,Company H356in Department Stores,HERO.JK,DFI Retail Nusantara Tbk.,PT DFI Retail Nusantara Tbk,355,Medium Risk,Medium Risk,2,0.061272316,0.057228364,0.8814993,0.8814993,0.82022697,0.4059634758314022,False,False,False,False
H357.JK,Company H357in Industrial Distribution,HEXA.JK,Hexindo Adiperkasa Tbk,PT Hexindo Adiperkasa Tbk,356,Low Risk,Low Risk,1,0.05154023,0.8254028,0.12305701,0.8254028,0.7023458,0.5179589491229881,False,False,False,False
H358.JK,Company H358in Utilities - Renewable,HGII.JK,Hero Global Investment Tbk.,,357,Low Risk,Low Risk,1,0.049413,0.847523,0.103064016,0.847523,0.744459,0.47607947752608737,False,False,False,False
H359.JK,Company H359in Other Industrial Metals & Mining,HILL.JK,Hillcon Tbk.,PT Hillcon Tbk,358,Medium Risk,Medium Risk,2,0.065772064,0.061150722,0.8730772,0.8730772,0.80730516,0.4263441462813003,False,False,False,False
H360.JK,Company H360in Marine Shipping,HITS.JK,Humpuss Intermoda Transportasi ,PT Humpuss Intermoda Transportasi Tbk.,359,Low Risk,Low Risk,1,0.046960227,0.89864045,0.054399356,0.89864045,0.8442411,0.3623151723623898,False,False,False,False
H361.JK,Company H361in Tobacco,HMSP.JK,H.M. Sampoerna Tbk.,PT Hanjaya Mandala Sampoerna Tbk,360,High Risk,High Risk,0,0.91476744,0.039794892,0.045437627,0.91476744,0.8693298,0.3188189170897302,False,False,False,False
H362.JK,Company H362in Packaged Foods,HOKI.JK,Buyung Poetra Sembada Tbk.,PT Buyung Poetra Sembada Tbk,361,Low Risk,Low Risk,1,0.051088925,0.8574855,0.091425605,0.8574855,0.7660599,0.4573937443386907,False,False,False,False
H363.JK,Company H363in Real Estate - Development,HOMI.JK,Grand House Mulia Tbk.,PT Grand House Mulia Tbk,362,Medium Risk,Medium Risk,2,0.06515595,0.15237293,0.7824712,0.7824712,0.6300982,0.5976229807492872,False,False,False,False
H364.JK,Company H364in Metal Fabrication,HOPE.JK,Harapan Duta Pertiwi Tbk.,PT Harapan Duta Pertiwi Tbk,363,Low Risk,Low Risk,1,0.05569727,0.81253767,0.13176507,0.81253767,0.6807726,0.5430250098361982,False,False,False,False
H365.JK,Company H365in Lodging,HRME.JK,Menteng Heritage Realty Tbk.,PT Menteng Heritage Realty Tbk,364,Medium Risk,Medium Risk,2,0.062171247,0.058067963,0.8797608,0.8797608,0.8175896,0.41022180191002494,False,False,False,False
H366.JK,Company H366in Luxury Goods,HRTA.JK,Hartadinata Abadi Tbk.,PT Hartadinata Abadi Tbk,365,High Risk,High Risk,0,0.82377034,0.101152726,0.075076915,0.82377034,0.7226176,0.5332588768718142,False,False,False,False
H367.JK,Company H367in Thermal Coal,HRUM.JK,Harum Energy Tbk.,PT Harum Energy Tbk,366,Low Risk,Low Risk,1,0.046960227,0.89864045,0.054399356,0.89864045,0.8442411,0.3623151723623898,False,False,False,False
H368.JK,Company H368in Marine Shipping,HUMI.JK,Humpuss Maritim Internasional T,PT Humpuss Maritim Internasional Tbk,367,Low Risk,Low Risk,1,0.046960227,0.89864045,0.054399356,0.89864045,0.8442411,0.3623151723623898,False,False,False,False
H369.JK,Company H369in Specialty Business Services,HYGN.JK,Ecocare Indo Pasifik Tbk.,,368,Low Risk,Low Risk,1,0.045707233,0.9051284,0.049164396,0.9051284,0.855964,0.345311409615397,False,False,False,False
I370.JK,Company I370in Thermal Coal,IATA.JK,MNC Energy Investments Tbk.,PT MNC Energy Investments Tbk,369,Low Risk,Low Risk,1,0.046960227,0.89864045,0.054399356,0.89864045,0.8442411,0.3623151723623898,False,False,False,False
I371.JK,Company I371in Credit Services,IBFN.JK,Intan Baru Prana Tbk.,PT Intan Baru Prana Tbk,370,Medium Risk,Medium Risk,2,0.1529837,0.061074864,0.7859415,0.7859415,0.6329578,0.5891719765198157,False,False,False,False
I372.JK,Company I372in Restaurants,IBOS.JK,Indo Boga Sukses Tbk.,PT Indo Boga Sukses Tbk,371,High Risk,High Risk,0,0.8571782,0.0386697,0.104152136,0.8571782,0.75302607,0.4491686015334536,False,False,False,False
I373.JK,Company I373in Telecom Services,IBST.JK,Inti Bangun Sejahtera Tbk.,PT Inti Bangun Sejahtera Tbk,372,Medium Risk,Medium Risk,2,0.060946975,0.057248205,0.8818049,0.8818049,0.8208579,0.4052223324286269,False,False,False,False
I374.JK,Company I374in Packaged Foods,ICBP.JK,Indofood CBP Sukses Makmur Tbk.,PT Indofood CBP Sukses Makmur Tbk,373,High Risk,High Risk,0,0.91476744,0.039794892,0.045437627,0.91476744,0.8693298,0.3188189170897302,False,False,False,False
I375.JK,Company I375in Oil & Gas Equipment & Services,ICON.JK,Island Concepts Indonesia Tbk.,PT Island Concepts Indonesia Tbk,374,High Risk,High Risk,0,0.8788177,0.03585553,0.08532685,0.8788177,0.7934908,0.40311969983285395,False,False,False,False
I376.JK,Company I376in Education & Training Services,IDEA.JK,Idea Indonesia Akademi Tbk.,PT Idea Indonesia Akademi Tbk,375,High Risk,High Risk,0,0.8063867,0.102370225,0.09124302,0.8063867,0.7040165,0.56917491241151,False,False,False,False
I377.JK,Company I377in Engineering & Construction,IDPR.JK,Indonesia Pondasi Raya Tbk.,PT Indonesia Pondasi Raya Tbk,376,Low Risk,Low Risk,1,0.049685214,0.84071517,0.10959964,0.84071517,0.7311155,0.4891076071925292,False,False,False,False
I378.JK,Company I378in Lumber & Wood Production,IFII.JK,Indonesia Fibreboard Industry T,PT Indonesia Fibreboard Industry Tbk,377,High Risk,High Risk,0,0.91572523,0.03965472,0.044620093,0.91572523,0.87110513,0.31617723905065187,False,False,False,False
I379.JK,Company I379in Other Industrial Metals & Mining,IFSH.JK,Ifishdeco Tbk.,PT Ifishdeco Tbk,378,High Risk,High Risk,0,0.9143243,0.04000179,0.045673877,0.9143243,0.86865044,0.32005380344019824,False,False,False,False
I380.JK,Company I380in Packaging & Containers,IGAR.JK,Champion Pacific Indonesia Tbk.,PT Champion Pacific Indonesia Tbk,379,High Risk,High Risk,0,0.8864853,0.03801204,0.075502716,0.8864853,0.8109826,0.3879210652089488,False,False,False,False
I381.JK,Company I381in Building Products & Equipment,IKAI.JK,Intikeramik Alamasri Industri T,PT Intikeramik Alamasri Industri Tbk,380,Medium Risk,Medium Risk,2,0.06471453,0.061304674,0.87398076,0.87398076,0.8092662,0.4242192150918785,False,False,False,False
I382.JK,Company I382in Farm Products,IKAN.JK,Era Mandiri Cemerlang Tbk.,PT Era Mandiri Cemerlang Tbk,381,High Risk,High Risk,0,0.87662905,0.038005896,0.08536508,0.87662905,0.791264,0.4094025591749928,False,False,False,False
I383.JK,Company I383in Electrical Equipment & Parts,IKBI.JK,Sumi Indo Kabel Tbk,PT Sumi Indo Kabel Tbk,382,Low Risk,Low Risk,1,0.05154023,0.8254028,0.12305701,0.8254028,0.7023458,0.5179589491229881,False,False,False,False
I384.JK,Company I384in Pharmaceutical Retailers,IKPM.JK,Ikapharmindo Putramas Tbk.,,383,High Risk,High Risk,0,0.8475658,0.041356385,0.11107777,0.8475658,0.73648804,0.46969643727598587,False,False,False,False
I385.JK,Company I385in Auto & Truck Dealerships,IMAS.JK,Indomobil Sukses Internasional ,PT Indomobil Sukses Internasional Tbk,384,Medium Risk,Medium Risk,2,0.061272316,0.057228364,0.8814993,0.8814993,0.82022697,0.4059634758314022,False,False,False,False
I386.JK,Company I386in Conglomerates,IMJS.JK,Indomobil Multi Jasa Tbk.,PT Indomobil Multi Jasa Tbk,385,Low Risk,Low Risk,1,0.121617466,0.7688089,0.10957365,0.7688089,0.6471914,0.6377565429943114,False,False,False,False
I387.JK,Company I387in Building Products & Equipment,IMPC.JK,Impack Pratama Industri Tbk.,PT Impack Pratama Industri Tbk,386,High Risk,High Risk,0,0.9143243,0.04000179,0.045673877,0.9143243,0.86865044,0.32005380344019824,False,False,False,False
I388.JK,Company I388in Drug Manufacturers - Specialty & Generic,INAF.JK,Indofarma Tbk.,PT Indofarma Tbk,387,Medium Risk,Medium Risk,2,0.062171247,0.058067963,0.8797608,0.8797608,0.8175896,0.41022180191002494,False,False,False,False
I389.JK,Company I389in Aluminum,INAI.JK,Indal Aluminium Industry Tbk,PT Indal Aluminium Industry Tbk,388,Medium Risk,Medium Risk,2,0.06471453,0.061304674,0.87398076,0.87398076,0.8092662,0.4242192150918785,False,False,False,False
I390.JK,Company I390in Specialty Chemicals,INCF.JK,Indo Komoditi Korpora Tbk.,PT Indo Komoditi Korpora Tbk,389,High Risk,High Risk,0,0.8672395,0.040234473,0.09252607,0.8672395,0.7747134,0.4305803365297315,False,False,False,False
I391.JK,Company I391in Specialty Chemicals,INCI.JK,Intanwijaya Internasional Tbk,PT Intanwijaya Internasional Tbk,390,Low Risk,Low Risk,1,0.1671262,0.67391855,0.15895528,0.67391855,0.50679237,0.7803379283807081,False,False,False,False
I392.JK,Company I392in Other Industrial Metals & Mining,INCO.JK,Vale Indonesia Tbk.,PT Vale Indonesia Tbk,391,Low Risk,Low Risk,1,0.046960227,0.89864045,0.054399356,0.89864045,0.8442411,0.3623151723623898,False,False,False,False
I393.JK,Company I393in Packaged Foods,INDF.JK,Indofood Sukses Makmur Tbk,PT Indofood Sukses Makmur Tbk,392,High Risk,High Risk,0,0.8980023,0.039415143,0.06258256,0.8980023,0.8354198,0.3618160310933636,False,False,False,False
I394.JK,Company I394in Lodging,INDO.JK,Royalindo Investa Wijaya Tbk.,PT Royalindo Investa Wijaya Tbk,393,Medium Risk,Medium Risk,2,0.061272316,0.057228364,0.8814993,0.8814993,0.82022697,0.4059634758314022,False,False,False,False
I395.JK,Company I395in Textile Manufacturing,INDR.JK,Indo-Rama Synthetics Tbk.,PT. Indo-Rama Synthetics Tbk,394,Low Risk,Low Risk,1,0.046960227,0.89864045,0.054399356,0.89864045,0.8442411,0.3623151723623898,False,False,False,False
I396.JK,Company I396in Auto Parts,INDS.JK,Indospring Tbk,PT Indospring Tbk,395,High Risk,High Risk,0,0.873397,0.03626704,0.09033592,0.873397,0.7830611,0.41480245388856996,False,False,False,False
I397.JK,Company I397in Marine Shipping,INDX.JK,Tanah Laut Tbk,PT Tanah Laut Tbk,396,Medium Risk,Low Risk,1,0.08955261,0.54620665,0.3642407,0.54620665,0.18196595,0.8322028295734498,True,False,True,True
I398.JK,Company I398in Thermal Coal,INDY.JK,Indika Energy Tbk,PT. Indika Energy Tbk,397,Low Risk,Low Risk,1,0.046960227,0.89864045,0.054399356,0.89864045,0.8442411,0.3623151723623898,False,False,False,False
I399.JK,Company I399in Telecom Services,INET.JK,Sinergi Inti Andalan Prima Tbk.,PT Sinergi Inti Andalan Prima Tbk,398,Medium Risk,Medium Risk,2,0.063280635,0.05937296,0.8773464,0.8773464,0.81406575,0.4161010350053246,False,False,False,False
I400.JK,Company I400in Paper & Paper Products,INKP.JK,Indah Kiat Pulp & Paper Tbk.,PT Indah Kiat Pulp & Paper Tbk,399,Low Risk,Low Risk,1,0.046838455,0.89631015,0.05685136,0.89631015,0.83945876,0.36819505651151857,False,False,False,False
I401.JK,Company I401in Waste Management,INOV.JK,Inocycle Technology Group Tbk.,PT Inocycle Technology Group Tbk,400,Low Risk,Low Risk,1,0.05051238,0.8478426,0.101645045,0.8478426,0.7461975,0.4761821812676381,False,False,False,False
I402.JK,Company I402in Banks - Regional,INPC.JK,Bank Artha Graha Internasional ,PT Bank Artha Graha Internasional Tbk,401,High Risk,High Risk,0,0.8740227,0.036087804,0.08988947,0.8740227,0.78413326,0.41335974573038403,False,False,False,False
I403.JK,Company I403in Real Estate Services,INPP.JK,Indonesian Paradise Property Tb,PT Indonesian Paradise Property Tbk,402,Low Risk,Low Risk,1,0.049094412,0.8903223,0.06058332,0.8903223,0.82973903,0.3834482168936163,False,False,False,False
I404.JK,Company I404in Trucking,INPS.JK,Indah Prakasa Sentosa Tbk.,PT Indah Prakasa Sentosa Tbk,403,Medium Risk,Medium Risk,2,0.061272316,0.057228364,0.8814993,0.8814993,0.82022697,0.4059634758314022,False,False,False,False
I405.JK,Company I405in Paper & Paper Products,INRU.JK,Toba Pulp Lestari Tbk.,PT Toba Pulp Lestari Tbk,404,Low Risk,Low Risk,1,0.049450796,0.83769655,0.11285261,0.83769655,0.7248439,0.4944878617822599,False,False,False,False
I406.JK,Company I406in Industrial Distribution,INTA.JK,Intraco Penta Tbk,PT Intraco Penta Tbk,405,Low Risk,Low Risk,1,0.05569727,0.81253767,0.13176507,0.81253767,0.6807726,0.5430250098361982,False,False,False,False
I407.JK,Company I407in Paper & Paper Products,INTD.JK,Inter Delta Tbk,PT Inter Delta Tbk,406,Medium Risk,Medium Risk,2,0.06405623,0.13119377,0.80475,0.80475,0.67355627,0.561892332787446,False,False,False,False
I408.JK,Company I408in Building Materials,INTP.JK,Indocement Tunggal Prakarsa Tbk,PT Indocement Tunggal Prakarsa Tbk,407,High Risk,High Risk,0,0.91476744,0.039794892,0.045437627,0.91476744,0.8693298,0.3188189170897302,False,False,False,False
I409.JK,Company I409in Communication Equipment,IOTF.JK,Sumber Sinergi Makmur Tbk.,PT Sumber Sinergi Makmur Tbk,408,High Risk,High Risk,0,0.8475658,0.041356385,0.11107777,0.8475658,0.73648804,0.46969643727598587,False,False,False,False
I410.JK,Company I410in Real Estate Services,IPAC.JK,Era Graharealty Tbk.,PT Era Graharealty Tbk,409,High Risk,Low Risk,1,0.3408325,0.5021604,0.15700708,0.5021604,0.16132787,0.9133877229446774,True,False,True,True
I411.JK,Company I411in Integrated Freight & Logistics,IPCC.JK,Indonesia Kendaraan Terminal Tb,PT Indonesia Kendaraan Terminal Tbk,410,Low Risk,Low Risk,1,0.1720674,0.75549245,0.07244017,0.75549245,0.58342505,0.6415368327988701,False,False,False,False
I412.JK,Company I412in Marine Shipping,IPCM.JK,Jasa Armada Indonesia Tbk.,PT Jasa Armada Indonesia Tbk,411,High Risk,High Risk,0,0.9154987,0.039644912,0.04485645,0.9154987,0.87064224,0.31679872418507526,False,False,False,False
I413.JK,Company I413in Packaging & Containers,IPOL.JK,Indopoly Swakarsa Industry Tbk.,PT Indopoly Swakarsa Industry Tbk,412,Low Risk,Low Risk,1,0.046960227,0.89864045,0.054399356,0.89864045,0.8442411,0.3623151723623898,False,False,False,False
I414.JK,Company I414in Packaged Foods,IPPE.JK,Indo Pureco Pratama Tbk.,PT Indo Pureco Pratama Tbk,413,High Risk,High Risk,0,0.87723076,0.037829116,0.08494005,0.87723076,0.7922907,0.40799503505082463,False,False,False,False
I415.JK,Company I415in Entertainment,IPTV.JK,MNC Vision Networks Tbk.,PT MNC Vision Networks Tbk,414,Medium Risk,Medium Risk,2,0.060946975,0.057248205,0.8818049,0.8818049,0.8208579,0.4052223324286269,False,False,False,False
I416.JK,Company I416in Medical Distribution,IRRA.JK,Itama Ranoraya Tbk.,PT Itama Ranoraya Tbk,415,Low Risk,Low Risk,1,0.1136833,0.77575326,0.11056338,0.77575326,0.66207,0.6259213067063565,False,False,False,False
I417.JK,Company I417in Software - Application,IRSX.JK,Aviana Sinar Abadi Tbk.,PT Aviana Sinar Abadi Tbk,416,Medium Risk,Medium Risk,2,0.12092102,0.059109513,0.8199694,0.8199694,0.6990484,0.5328516427016716,False,False,False,False
I418.JK,Company I418in Metal Fabrication,ISAP.JK,Isra Presisi Indonesia Tbk.,PT Isra Presisi Indonesia Tbk.,417,Low Risk,Low Risk,1,0.047831375,0.8766432,0.07552551,0.8766432,0.80111766,0.4150048773749544,False,False,False,False
I419.JK,Company I419in Telecom Services,ISAT.JK,Indosat Tbk,PT Indosat Ooredoo Hutchison Tbk,418,High Risk,High Risk,0,0.9143243,0.04000179,0.045673877,0.9143243,0.86865044,0.32005380344019824,False,False,False,False
I420.JK,Company I420in Packaged Foods,ISEA.JK,Indo American Seafoods Tbk.,,419,High Risk,High Risk,0,0.91533905,0.039528023,0.045132916,0.91533905,0.8702061,0.3172227229913187,False,False,False,False
I421.JK,Company I421in Steel,ISSP.JK,Steel Pipe Industry of Indonesi,PT Steel Pipe Industry of Indonesia Tbk,420,High Risk,High Risk,0,0.9152844,0.039635632,0.045079973,0.9152844,0.87020445,0.3173853236851526,False,False,False,False
I422.JK,Company I422in Tobacco,ITIC.JK,Indonesian Tobacco Tbk.,PT Indonesian Tobacco Tbk,421,High Risk,High Risk,0,0.8623541,0.041499536,0.09614639,0.8623541,0.7662077,0.4413964836843436,False,False,False,False
I423.JK,Company I423in Other Industrial Metals & Mining,ITMA.JK,Sumber Energi Andalan Tbk.,PT Sumber Energi Andalan Tbk,422,Low Risk,Low Risk,1,0.046960227,0.89864045,0.054399356,0.89864045,0.8442411,0.3623151723623898,False,False,False,False
I424.JK,Company I424in Thermal Coal,ITMG.JK,Indo Tambangraya Megah Tbk,PT Indo Tambangraya Megah Tbk,423,Low Risk,Low Risk,1,0.046960227,0.89864045,0.054399356,0.89864045,0.8442411,0.3623151723623898,False,False,False,False
J425.JK,Company J425in Farm Products,JARR.JK,Jhonlin Agro Raya Tbk.,PT Jhonlin Agro Raya Tbk,424,Low Risk,Low Risk,1,0.12406504,0.8040503,0.071884595,0.8040503,0.6799853,0.5675575319364078,False,False,False,False
J426.JK,Company J426in Telecom Services,JAST.JK,Jasnita Telekomindo Tbk.,PT. Jasnita Telekomindo Tbk,425,Medium Risk,Medium Risk,2,0.061272316,0.057228364,0.8814993,0.8814993,0.82022697,0.4059634758314022,False,False,False,False
J427.JK,Company J427in Information Technology Services,JATI.JK,Informasi Teknologi Indonesia T,PT Informasi Teknologi Indonesia Tbk,426,High Risk,High Risk,0,0.883325,0.039070286,0.07760468,0.883325,0.8057203,0.3956225708448373,False,False,False,False
J428.JK,Company J428in Farm Products,JAWA.JK,Jaya Agra Wattie Tbk.,PT Jaya Agra Wattie Tbk,427,Medium Risk,Medium Risk,2,0.062119845,0.05884671,0.87903345,0.87903345,0.8169136,0.41201955142304864,False,False,False,False
J429.JK,Company J429in Trucking,JAYA.JK,Armada Berjaya Trans Tbk.,PT Armada Berjaya Trans Tbk,428,Medium Risk,Medium Risk,2,0.15661624,0.0648765,0.77850723,0.77850723,0.621891,0.6032471635070116,False,False,False,False
J430.JK,Company J430in Electrical Equipment & Parts,JECC.JK,Jembo Cable Company Tbk,PT Jembo Cable Company Tbk,429,Low Risk,Low Risk,1,0.11969888,0.7473656,0.13293555,0.7473656,0.61443007,0.6735559313896152,False,False,False,False
J431.JK,Company J431in Leisure,JGLE.JK,Graha Andrasentra Propertindo T,PT Graha Andrasentra Propertindo Tbk,430,Low Risk,Low Risk,1,0.059841502,0.7039002,0.23625824,0.7039002,0.46764198,0.688641445410703,False,False,False,False
J432.JK,Company J432in Lodging,JIHD.JK,Jakarta International  Hotels &,PT Jakarta International Hotels & Development Tbk,431,High Risk,High Risk,0,0.91476744,0.039794892,0.045437627,0.91476744,0.8693298,0.3188189170897302,False,False,False,False
J433.JK,Company J433in Conglomerates,JKON.JK,Jaya Konstruksi Manggala Pratam,PT Jaya Konstruksi Manggala Pratama Tbk,432,High Risk,High Risk,0,0.91476744,0.039794892,0.045437627,0.91476744,0.8693298,0.3188189170897302,False,False,False,False
J434.JK,Company J434in Insurance - Life,JMAS.JK,Asuransi Jiwa Syariah Jasa Mitr,PT Asuransi Jiwa Syariah Jasa Mitra Abadi Tbk,433,High Risk,High Risk,0,0.8778402,0.037641343,0.08451846,0.8778402,0.7933217,0.40656005815686,False,False,False,False
J435.JK,Company J435in Farm Products,JPFA.JK,Japfa Comfeed Indonesia Tbk.,PT Japfa Comfeed Indonesia Tbk,434,High Risk,High Risk,0,0.91476744,0.039794892,0.045437627,0.91476744,0.8693298,0.3188189170897302,False,False,False,False
J436.JK,Company J436in Real Estate - Development,JRPT.JK,Jaya Real Property Tbk,"PT Jaya Real Property, Tbk.",435,High Risk,High Risk,0,0.91476744,0.039794892,0.045437627,0.91476744,0.8693298,0.3188189170897302,False,False,False,False
J437.JK,Company J437in Infrastructure Operations,JSMR.JK,Jasa Marga (Persero) Tbk,PT Jasa Marga (Persero) Tbk,436,Low Risk,Low Risk,1,0.11104839,0.81659615,0.07235551,0.81659615,0.70554775,0.5457152185127921,False,False,False,False
J438.JK,Company J438in Real Estate Services,JSPT.JK,Jakarta Setiabudi Internasional,PT Jakarta Setiabudi Internasional Tbk,437,High Risk,High Risk,0,0.8631444,0.08957583,0.04727977,0.8631444,0.7735686,0.4436789156459375,False,False,False,False
J439.JK,Company J439in Specialty Business Services,JTPE.JK,Jasuindo Tiga Perkasa Tbk,PT Jasuindo Tiga Perkasa Tbk,438,High Risk,High Risk,0,0.91476744,0.039794892,0.045437627,0.91476744,0.8693298,0.3188189170897302,False,False,False,False
K440.JK,Company K440in Medical Distribution,KAEF.JK,Kimia Farma Tbk.,PT Kimia Farma Tbk,439,High Risk,High Risk,0,0.63288236,0.21425259,0.15286507,0.63288236,0.41862977,0.8253263990298131,False,False,True,True
K441.JK,Company K441in Marine Shipping,KARW.JK,Meratus Jasa Prima Tbk.,PT Meratus Jasa Prima Tbk,440,Low Risk,Low Risk,1,0.046960227,0.89864045,0.054399356,0.89864045,0.8442411,0.3623151723623898,False,False,False,False
K442.JK,Company K442in Residential Construction,KBAG.JK,Karya Bersama Anugerah Tbk.,PT Karya Bersama Anugerah Tbk,441,Medium Risk,Medium Risk,2,0.06471453,0.061304674,0.87398076,0.87398076,0.8092662,0.4242192150918785,False,False,False,False
K443.JK,Company K443in Electrical Equipment & Parts,KBLI.JK,KMI Wire & Cable Tbk.,PT KMI Wire and Cable Tbk,442,High Risk,High Risk,0,0.91476744,0.039794892,0.045437627,0.91476744,0.8693298,0.3188189170897302,False,False,False,False
K444.JK,Company K444in Electrical Equipment & Parts,KBLM.JK,Kabelindo Murni Tbk,PT Kabelindo Murni Tbk,443,Medium Risk,Medium Risk,2,0.1783284,0.22698227,0.5946893,0.5946893,0.36770704,0.8675662289211564,True,False,True,True
K445.JK,Company K445in Entertainment,KBLV.JK,First Media Tbk.,PT First Media Tbk,444,High Risk,High Risk,0,0.8774734,0.03670151,0.085825115,0.8774734,0.79164827,0.4066296124076091,False,False,False,False
K446.JK,Company K446in Packaging & Containers,KDSI.JK,Kedawung Setia Industrial Tbk.,PT Kedawung Setia Industrial Tbk,445,Medium Risk,Medium Risk,2,0.061272316,0.057228364,0.8814993,0.8814993,0.82022697,0.4059634758314022,False,False,False,False
K447.JK,Company K447in Restaurants,KDTN.JK,Puri Sentul Permai Tbk.,PT Puri Sentul Permai Tbk,446,Medium Risk,Medium Risk,2,0.061272316,0.057228364,0.8814993,0.8814993,0.82022697,0.4059634758314022,False,False,False,False
K448.JK,Company K448in Utilities - Independent Power Producers,KEEN.JK,Kencana Energi Lestari Tbk.,PT Kencana Energi Lestari Tbk,447,Low Risk,Low Risk,1,0.046960227,0.89864045,0.054399356,0.89864045,0.8442411,0.3623151723623898,False,False,False,False
K449.JK,Company K449in Packaged Foods,KEJU.JK,Mulia Boga Raya Tbk.,PT Mulia Boga Raya Tbk,448,High Risk,High Risk,0,0.91476744,0.039794892,0.045437627,0.91476744,0.8693298,0.3188189170897302,False,False,False,False
K450.JK,Company K450in Communication Equipment,KETR.JK,Ketrosden Triasmitra Tbk.,PT Ketrosden Triasmitra,449,High Risk,High Risk,0,0.82877004,0.1034804,0.06774953,0.82877004,0.72528964,0.5213514278633077,False,False,False,False
K451.JK,Company K451in Building Products & Equipment,KIAS.JK,Keramika Indonesia Assosiasi Tb,PT Keramika Indonesia Assosiasi Tbk,450,Medium Risk,Medium Risk,2,0.06471453,0.061304674,0.87398076,0.87398076,0.8092662,0.4242192150918785,False,False,False,False
K452.JK,"Company K452in Furnishings, Fixtures & Appliances",KICI.JK,Kedaung Indah Can Tbk,PT Kedaung Indah Can Tbk,451,Medium Risk,Medium Risk,2,0.062119845,0.05884671,0.87903345,0.87903345,0.8169136,0.41201955142304864,False,False,False,False
K453.JK,Company K453in Real Estate - Development,KIJA.JK,Kawasan Industri Jababeka Tbk,PT Kawasan Industri Jababeka Tbk,452,Low Risk,Low Risk,1,0.051857837,0.8887431,0.059399012,0.8887431,0.8293441,0.38775889855100104,False,False,False,False
K454.JK,Company K454in Specialty Business Services,KING.JK,Hoffmen Cleanindo Tbk.,PT Hoffmen Cleanindo Tbk,453,Low Risk,Low Risk,1,0.055434234,0.83243793,0.11212782,0.83243793,0.7203101,0.508242676031021,False,False,False,False
K455.JK,Company K455in Beverages - Non-Alcoholic,KINO.JK,Kino Indonesia Tbk.,PT Kino Indonesia Tbk,454,Low Risk,Low Risk,1,0.1262438,0.7722697,0.101486444,0.7722697,0.6460259,0.6308152240857012,False,False,False,False
K456.JK,Company K456in Software - Application,KIOS.JK,Kioson Komersial Indonesia Tbk.,PT Kioson Komersial Indonesia Tbk,455,Medium Risk,Medium Risk,2,0.062171247,0.058067963,0.8797608,0.8797608,0.8175896,0.41022180191002494,False,False,False,False
K457.JK,Company K457in Integrated Freight & Logistics,KJEN.JK,Krida Jaringan Nusantara Tbk.,PT Krida Jaringan Nusantara Tbk,456,Low Risk,Low Risk,1,0.07283139,0.78679436,0.1403742,0.78679436,0.6464202,0.596271013218541,False,False,False,False
K458.JK,Company K458in Specialty Chemicals,KKES.JK,Kusuma Kemindo Sentosa Tbk.,PT Kusuma Kemindo Sentosa Tbk,457,High Risk,High Risk,0,0.8672395,0.040234473,0.09252607,0.8672395,0.7747134,0.4305803365297315,False,False,False,False
K459.JK,Company K459in Thermal Coal,KKGI.JK,Resource Alam Indonesia Tbk,PT Resource Alam Indonesia Tbk,458,Low Risk,Low Risk,1,0.046960227,0.89864045,0.054399356,0.89864045,0.8442411,0.3623151723623898,False,False,False,False
K460.JK,Company K460in Marine Shipping,KLAS.JK,Pelayaran Kurnia Lautan Semesta,PT Pelayaran Kurnia Lautan Semesta Tbk,459,Low Risk,Low Risk,1,0.04496932,0.90666,0.04837067,0.90666,0.85828936,0.34118890964188375,False,False,False,False
K461.JK,Company K461in Drug Manufacturers - General,KLBF.JK,Kalbe Farma Tbk,PT Kalbe Farma Tbk.,460,High Risk,High Risk,0,0.91476744,0.039794892,0.045437627,0.91476744,0.8693298,0.3188189170897302,False,False,False,False
K462.JK,Company K462in Home Improvement Retail,KLIN.JK,Klinko Karya Imaji Tbk.,PT Klinko Karya Imaji Tbk,461,Medium Risk,Medium Risk,2,0.06470508,0.07171556,0.8635794,0.8635794,0.7918638,0.44855829282309756,False,False,False,False
K463.JK,Company K463in Food Distribution,KMDS.JK,Kurniamitra Duta Sentosa Tbk.,"PT Kurniamitra Duta Sentosa, Tbk",462,High Risk,High Risk,0,0.8848943,0.047649823,0.0674558,0.8848943,0.8174385,0.3960735070032625,False,False,False,False
K464.JK,Company K464in Auto Parts,KMTR.JK,Kirana Megatara Tbk.,PT Kirana Megatara Tbk,463,Low Risk,Low Risk,1,0.12586711,0.8012042,0.072928734,0.8012042,0.6753371,0.572894491446499,False,False,False,False
K465.JK,Company K465in Farm & Heavy Construction Machinery,KOBX.JK,Kobexindo Tractors Tbk.,PT Kobexindo Tractors Tbk,464,Medium Risk,Medium Risk,2,0.06889654,0.20579295,0.72531056,0.72531056,0.5195176,0.6759262013636606,False,False,False,False
K466.JK,Company K466in Real Estate - Development,KOCI.JK,Kokoh Exa Nusantara Tbk.,PT Kokoh Exa Nusantara Tbk,465,Low Risk,Low Risk,1,0.04500503,0.90738,0.047615048,0.90738,0.85976493,0.3392649913222165,False,False,False,False
K467.JK,Company K467in Building Products & Equipment,KOIN.JK,Kokoh Inti Arebama Tbk,PT Kokoh Inti Arebama Tbk,466,Medium Risk,Medium Risk,2,0.060946975,0.057248205,0.8818049,0.8818049,0.8208579,0.4052223324286269,False,False,False,False
K468.JK,Company K468in Engineering & Construction,KOKA.JK,Koka Indonesia Tbk.,PT Koka Indonesia Tbk,467,Low Risk,Low Risk,1,0.045707233,0.9051284,0.049164396,0.9051284,0.855964,0.345311409615397,False,False,False,False
K469.JK,Company K469in Specialty Retail,KONI.JK,Perdana Bangun Pusaka Tbk,PT Perdana Bangun Pusaka Tbk,468,High Risk,High Risk,0,0.8740227,0.036087804,0.08988947,0.8740227,0.78413326,0.41335974573038403,False,False,False,False
K470.JK,Company K470in Oil & Gas Refining & Marketing,KOPI.JK,Mitra Energi Persada Tbk.,PT Mitra Energi Persada Tbk,469,Medium Risk,Medium Risk,2,0.14104906,0.059029654,0.7999213,0.7999213,0.65887225,0.5660582092223274,False,False,False,False
K471.JK,Company K471in Real Estate Services,KOTA.JK,DMS Propertindo Tbk.,PT DMS Propertindo Tbk,470,Low Risk,Low Risk,1,0.060514044,0.71765846,0.22182745,0.71765846,0.495831,0.6752756358248678,False,False,False,False
K472.JK,Company K472in Real Estate Services,KPIG.JK,MNC Land Tbk.,PT MNC Land Tbk,471,Low Risk,Low Risk,1,0.051170003,0.8353979,0.11343212,0.8353979,0.7219658,0.49994228225402965,False,False,False,False
K473.JK,Company K473in Steel,KRAS.JK,Krakatau Steel (Persero) Tbk.,PT Krakatau Steel (Persero) Tbk,472,Low Risk,Low Risk,1,0.046960227,0.89864045,0.054399356,0.89864045,0.8442411,0.3623151723623898,False,False,False,False
K474.JK,Company K474in Asset Management,KREN.JK,Quantum Clovera Investama Tbk.,PT Quantum Clovera Investama Tbk,473,High Risk,High Risk,0,0.873397,0.03626704,0.09033592,0.873397,0.7830611,0.41480245388856996,False,False,False,False
K475.JK,Company K475in Engineering & Construction,KRYA.JK,Bangun Karya Perkasa Jaya Tbk.,PT Bangun Karya Perkasa Jaya Tbk,474,Low Risk,Low Risk,1,0.044430546,0.90856224,0.047007244,0.90856224,0.861555,0.3360560283799927,False,False,False,False
K476.JK,Company K476in Real Estate - Development,KSIX.JK,Kentanix Supra International Tb,,475,Low Risk,Low Risk,1,0.045707233,0.9051284,0.049164396,0.9051284,0.855964,0.345311409615397,False,False,False,False
K477.JK,Company K477in Building Products & Equipment,KUAS.JK,Ace Oldfields Tbk.,PT Ace Oldfields Tbk,476,Low Risk,Low Risk,1,0.049805615,0.84275246,0.10744195,0.84275246,0.7353105,0.48539426742340297,False,False,False,False
L478.JK,Company L478in Steel,LABA.JK,Green Power Group Tbk.,PT Green Power Group Tbk,477,Low Risk,Low Risk,1,0.064267315,0.81412166,0.12161097,0.81412166,0.6925107,0.5461805592371876,False,False,False,False
L479.JK,Company L479in Medical Devices,LABS.JK,UBC Medical Indonesia Tbk.,,478,High Risk,High Risk,0,0.88134116,0.0470683,0.07159051,0.88134116,0.8097507,0.4040916146908252,False,False,False,False
L480.JK,Company L480in Integrated Freight & Logistics,LAJU.JK,Jasa Berdikari Logistics Tbk.,PT Jasa Berdikari Logistics Tbk,479,Low Risk,Low Risk,1,0.055434234,0.83243793,0.11212782,0.83243793,0.7203101,0.508242676031021,False,False,False,False
L481.JK,Company L481in Real Estate Services,LAND.JK,Trimitra Propertindo Tbk.,PT Trimitra Propertindo Tbk,480,Low Risk,Low Risk,1,0.049685214,0.84071517,0.10959964,0.84071517,0.7311155,0.4891076071925292,False,False,False,False
L482.JK,Company L482in Telecom Services,LCKM.JK,LCK Global Kedaton Tbk.,PT LCK Global Kedaton Tbk,481,Medium Risk,Medium Risk,2,0.06313564,0.058901973,0.87796235,0.87796235,0.8148267,0.41459742618686884,False,False,False,False
L483.JK,Company L483in Marine Shipping,LEAD.JK,Logindo Samudramakmur Tbk.,PT Logindo Samudramakmur Tbk.,482,Low Risk,Low Risk,1,0.046960227,0.89864045,0.054399356,0.89864045,0.8442411,0.3623151723623898,False,False,False,False
L484.JK,"Company L484in Furnishings, Fixtures & Appliances",LFLO.JK,Imago Mulia Persada Tbk.,PT Imago Mulia Persada Tbk,483,Medium Risk,Medium Risk,2,0.062220912,0.057315484,0.8804636,0.8804636,0.81824267,0.4084752415043193,False,False,False,False
L485.JK,Company L485in Insurance - Life,LIFE.JK,MSIG Life Insurance Indonesia T,PT MSIG Life Insurance Indonesia Tbk,484,High Risk,High Risk,0,0.89921415,0.039468333,0.061317537,0.89921415,0.8378966,0.3588877266059955,False,False,False,False
L486.JK,Company L486in Telecom Services,LINK.JK,Link Net Tbk.,PT Link Net Tbk,485,Medium Risk,Medium Risk,2,0.06471453,0.061304674,0.87398076,0.87398076,0.8092662,0.4242192150918785,False,False,False,False
L487.JK,Company L487in Business Equipment & Supplies,LION.JK,Lion Metal Works Tbk,PT Lion Metal Works Tbk,486,Low Risk,Low Risk,1,0.04905211,0.8658142,0.08513367,0.8658142,0.78068054,0.4390686407181655,False,False,False,False
L488.JK,"Company L488in Furnishings, Fixtures & Appliances",LIVE.JK,Homeco Victoria Makmur Tbk.,,487,Medium Risk,Medium Risk,2,0.061272316,0.057228364,0.8814993,0.8814993,0.82022697,0.4059634758314022,False,False,False,False
L489.JK,Company L489in Oil & Gas Refining & Marketing,LMAX.JK,Lupromax Pelumas Indonesia Tbk.,PT Lupromax Pelumas Indonesia Tbk,488,High Risk,High Risk,0,0.85896873,0.035466235,0.10556504,0.85896873,0.75340366,0.44270955074879714,False,False,False,False
L490.JK,"Company L490in Furnishings, Fixtures & Appliances",LMPI.JK,Langgeng Makmur Industri Tbk.,PT Langgeng Makmur Industri Tbk,489,Medium Risk,Medium Risk,2,0.06476911,0.060512953,0.87471795,0.87471795,0.80994886,0.42242862717097557,False,False,False,False
L491.JK,Company L491in Metal Fabrication,LMSH.JK,Lionmesh Prima Tbk.,PT Lionmesh Prima Tbk,490,Low Risk,Low Risk,1,0.061249975,0.83781654,0.10093345,0.83781654,0.7368831,0.501346334091109,False,False,False,False
L492.JK,Company L492in Integrated Freight & Logistics,LOPI.JK,Logisticsplus International Tbk,PT Logisticsplus International Tbk,491,Low Risk,Low Risk,1,0.047831375,0.8766432,0.07552551,0.8766432,0.80111766,0.4150048773749544,False,False,False,False
L493.JK,Company L493in Real Estate - Development,LPCK.JK,Lippo Cikarang Tbk,PT Lippo Cikarang Tbk,492,Medium Risk,Medium Risk,2,0.061841443,0.05808838,0.88007015,0.88007015,0.8182287,0.40947607400320263,False,False,False,False
L494.JK,Company L494in Insurance - Diversified,LPGI.JK,Lippo General Insurance Tbk,PT Lippo General Insurance Tbk,493,High Risk,High Risk,0,0.8946209,0.038943887,0.06643523,0.8946209,0.8281857,0.36970211048982027,False,False,False,False
L495.JK,Company L495in Auto Parts,LPIN.JK,Multi Prima Sejahtera Tbk,PT Multi Prima Sejahtera Tbk,494,Medium Risk,Medium Risk,2,0.061272316,0.057228364,0.8814993,0.8814993,0.82022697,0.4059634758314022,False,False,False,False
L496.JK,Company L496in Medical Care Facilities,LPKR.JK,Lippo Karawaci Tbk,PT Lippo Karawaci Tbk,495,High Risk,High Risk,0,0.9143243,0.04000179,0.045673877,0.9143243,0.86865044,0.32005380344019824,False,False,False,False
L497.JK,Company L497in Real Estate Services,LPLI.JK,Star Pacific Tbk,PT Star Pacific Tbk,496,Low Risk,Low Risk,1,0.05693777,0.81286246,0.1301998,0.81286246,0.68266267,0.5434384832722035,False,False,False,False
L498.JK,Company L498in Department Stores,LPPF.JK,Matahari Department Store Tbk.,PT Matahari Department Store Tbk,497,High Risk,High Risk,0,0.9143243,0.04000179,0.045673877,0.9143243,0.86865044,0.32005380344019824,False,False,False,False
L499.JK,Company L499in Capital Markets,LPPS.JK,Lenox Pasifik Investama Tbk.,PT Lenox Pasifik Investama Tbk,498,High Risk,High Risk,0,0.8249611,0.08173179,0.0933071,0.8249611,0.73165405,0.5322454573322336,False,False,False,False
L500.JK,Company L500in Railroads,LRNA.JK,Eka Sari Lorena Transport Tbk.,PT Eka Sari Lorena Transport Tbk,499,Low Risk,Low Risk,1,0.06368333,0.8317608,0.10455589,0.8317608,0.7272049,0.5139965270097206,False,False,False,False
L501.JK,Company L501in Farm Products,LSIP.JK,PP London Sumatra Indonesia Tbk,PT Perusahaan Perkebunan London Sumatra Indonesia Tbk,500,High Risk,High Risk,0,0.91476744,0.039794892,0.045437627,0.91476744,0.8693298,0.3188189170897302,False,False,False,False
L502.JK,Company L502in Specialty Chemicals,LTLS.JK,Lautan Luas Tbk,PT Lautan Luas Tbk,501,Medium Risk,Medium Risk,2,0.33029845,0.070946,0.59875554,0.59875554,0.26845708,0.7834477412501988,True,False,False,True
L503.JK,Company L503in Computer Hardware,LUCK.JK,Sentral Mitra Informatika Tbk.,PT Sentral Mitra Informatika Tbk,502,High Risk,High Risk,0,0.82987374,0.05019579,0.11993049,0.82987374,0.70994323,0.509084922668017,False,False,False,False
L504.JK,Company L504in Restaurants,LUCY.JK,Lima Dua Lima Tiga Tbk.,PT Lima Dua Lima Tiga Tbk,503,Medium Risk,Medium Risk,2,0.062106717,0.05904565,0.87884766,0.87884766,0.81674093,0.41247713375597983,False,False,False,False
M505.JK,Company M505in Trucking,MAHA.JK,Mandiri Herindo Adiperkasa Tbk.,PT Mandiri Herindo Adiperkasa Tbk,504,High Risk,High Risk,0,0.91476744,0.039794892,0.045437627,0.91476744,0.8693298,0.3188189170897302,False,False,False,False
M506.JK,Company M506in Packaged Foods,MAIN.JK,Malindo Feedmill Tbk,PT Malindo Feedmill Tbk,505,High Risk,High Risk,0,0.91476744,0.039794892,0.045437627,0.91476744,0.8693298,0.3188189170897302,False,False,False,False
M507.JK,Company M507in Engineering & Construction,MANG.JK,Manggung Polahraya Tbk.,,506,Low Risk,Low Risk,1,0.045259822,0.9090397,0.045700513,0.9090397,0.8633392,0.33478772126629425,False,False,False,False
M508.JK,Company M508in Specialty Retail,MAPA.JK,Map Aktif Adiperkasa Tbk.,PT Map Aktif Adiperkasa Tbk,507,High Risk,High Risk,0,0.91476744,0.039794892,0.045437627,0.91476744,0.8693298,0.3188189170897302,False,False,False,False
M509.JK,Company M509in Restaurants,MAPB.JK,MAP Boga Adiperkasa Tbk.,PT Map Boga Adiperkasa Tbk,508,Medium Risk,Medium Risk,2,0.061272316,0.057228364,0.8814993,0.8814993,0.82022697,0.4059634758314022,False,False,False,False
M510.JK,Company M510in Department Stores,MAPI.JK,Mitra Adiperkasa Tbk,PT. Mitra Adiperkasa Tbk,509,High Risk,High Risk,0,0.91476744,0.039794892,0.045437627,0.91476744,0.8693298,0.3188189170897302,False,False,False,False
M511.JK,Company M511in Broadcasting,MARI.JK,Mahaka Radio Integra Tbk.,PT Mahaka Radio Integra Tbk,510,Medium Risk,Medium Risk,2,0.12305833,0.0589658,0.8179758,0.8179758,0.6949175,0.5362120027864191,False,False,False,False
M512.JK,Company M512in Medical Instruments & Supplies,MARK.JK,Mark Dynamics Indonesia Tbk.,PT Mark Dynamics Indonesia Tbk,511,High Risk,High Risk,0,0.91476744,0.039794892,0.045437627,0.91476744,0.8693298,0.3188189170897302,False,False,False,False
M513.JK,Company M513in Auto Parts,MASA.JK,Multistrada Arah Sarana Tbk,PT Multistrada Arah Sarana Tbk,512,Low Risk,Low Risk,1,0.046960227,0.89864045,0.054399356,0.89864045,0.8442411,0.3623151723623898,False,False,False,False
M514.JK,Company M514in Banks - Regional,MASB.JK,Bank Multiarta Sentosa Tbk.,PT Bank Multiarta Sentosa Tbk,513,High Risk,High Risk,0,0.91476744,0.039794892,0.045437627,0.91476744,0.8693298,0.3188189170897302,False,False,False,False
M515.JK,Company M515in Packaged Foods,MAXI.JK,Maxindo Karya Anugerah Tbk.,PT Maxindo Karya Anugerah Tbk,514,High Risk,High Risk,0,0.91533905,0.039528023,0.045132916,0.91533905,0.8702061,0.3172227229913187,False,False,False,False
M516.JK,Company M516in Banks - Regional,MAYA.JK,Bank Mayapada Internasional Tbk,PT Bank Mayapada Internasional Tbk,515,High Risk,High Risk,0,0.87947977,0.037711646,0.08280859,0.87947977,0.79667115,0.40310160596185174,False,False,False,False
M517.JK,Company M517in Thermal Coal,MBAP.JK,Mitrabara Adiperdana Tbk.,PT Mitrabara Adiperdana Tbk,516,Low Risk,Low Risk,1,0.046960227,0.89864045,0.054399356,0.89864045,0.8442411,0.3623151723623898,False,False,False,False
M518.JK,Company M518in Other Precious Metals & Mining,MBMA.JK,Merdeka Battery Materials Tbk.,PT Merdeka Battery Materials Tbk.,517,Low Risk,Low Risk,1,0.046960227,0.89864045,0.054399356,0.89864045,0.8442411,0.3623151723623898,False,False,False,False
M519.JK,Company M519in Marine Shipping,MBSS.JK,Mitrabahtera Segara Sejati Tbk.,PT Mitrabahtera Segara Sejati Tbk,518,Low Risk,Low Risk,1,0.11268692,0.8138899,0.07342312,0.8138899,0.701203,0.5510239656902862,False,False,False,False
M520.JK,Company M520in Household & Personal Products,MBTO.JK,Martina Berto Tbk.,PT Martina Berto Tbk,519,High Risk,High Risk,0,0.8402926,0.05308024,0.10662723,0.8402926,0.73366535,0.4921957725222001,False,False,False,False
M521.JK,Company M521in Business Equipment & Supplies,MCAS.JK,M Cash Integrasi Tbk.,PT M Cash Integrasi Tbk,520,Low Risk,Low Risk,1,0.058336154,0.76166946,0.17999433,0.76166946,0.5816751,0.6205853237770089,False,False,False,False
M522.JK,Company M522in Thermal Coal,MCOL.JK,Prima Andalan Mandiri Tbk.,PT Prima Andalan Mandiri Tbk,521,Low Risk,Low Risk,1,0.046960227,0.89864045,0.054399356,0.89864045,0.8442411,0.3623151723623898,False,False,False,False
M523.JK,Company M523in Banks - Regional,MCOR.JK,Bank China Construction Bank In,PT Bank China Construction Bank Indonesia Tbk,522,High Risk,High Risk,0,0.91476744,0.039794892,0.045437627,0.91476744,0.8693298,0.3188189170897302,False,False,False,False
M524.JK,Company M524in Broadcasting,MDIA.JK,Intermedia Capital Tbk.,PT Intermedia Capital Tbk,523,Medium Risk,Medium Risk,2,0.061272316,0.057228364,0.8814993,0.8814993,0.82022697,0.4059634758314022,False,False,False,False
M525.JK,Company M525in Department Stores,MDIY.JK,Daya Intiguna Yasa Tbk.,,524,High Risk,High Risk,0,0.9143243,0.04000179,0.045673877,0.9143243,0.86865044,0.32005380344019824,False,False,False,False
M526.JK,Company M526in Other Industrial Metals & Mining,MDKA.JK,Merdeka Copper Gold Tbk.,PT Merdeka Copper Gold Tbk,525,Low Risk,Low Risk,1,0.046960227,0.89864045,0.054399356,0.89864045,0.8442411,0.3623151723623898,False,False,False,False
M527.JK,Company M527in Specialty Chemicals,MDKI.JK,Emdeki Utama Tbk.,PT Emdeki Utama Tbk,526,High Risk,High Risk,0,0.6595351,0.21279328,0.1276716,0.6595351,0.44674182,0.7887959856933289,False,False,False,False
M528.JK,Company M528in Real Estate - Development,MDLN.JK,Modernland Realty Tbk.,PT Modernland Realty Tbk,527,Medium Risk,Medium Risk,2,0.065356076,0.09622386,0.83842003,0.83842003,0.7421962,0.5018263235266606,False,False,False,False
M529.JK,Company M529in Business Equipment & Supplies,MDRN.JK,Modern Internasional Tbk.,PT Modern Internasional Tbk,528,Low Risk,Low Risk,1,0.05693777,0.81286246,0.1301998,0.81286246,0.68266267,0.5434384832722035,False,False,False,False
M530.JK,Company M530in Oil & Gas E&P,MEDC.JK,Medco Energi Internasional Tbk.,PT Medco Energi Internasional Tbk,529,Low Risk,Low Risk,1,0.046960227,0.89864045,0.054399356,0.89864045,0.8442411,0.3623151723623898,False,False,False,False
M531.JK,Company M531in Medical Instruments & Supplies,MEDS.JK,Hetzer Medical Indonesia Tbk.,PT Hetzer Medical Indonesia Tbk,530,Low Risk,Low Risk,1,0.050059427,0.835135,0.11480553,0.835135,0.72032946,0.49959668117971473,False,False,False,False
M532.JK,Company M532in Banks - Regional,MEGA.JK,Bank Mega Tbk,PT Bank Mega Tbk,531,High Risk,High Risk,0,0.91476744,0.039794892,0.045437627,0.91476744,0.8693298,0.3188189170897302,False,False,False,False
M533.JK,Company M533in Consulting Services,MEJA.JK,Harta Djaya Karya Tbk.,,532,Low Risk,Low Risk,1,0.056580443,0.85533017,0.08808938,0.85533017,0.76724076,0.4643761881475098,False,False,False,False
M534.JK,Company M534in Electrical Equipment & Parts,MENN.JK,Menn Teknologi Indonesia Tbk.,PT Menn Teknologi Indonesia Tbk,533,Low Risk,Low Risk,1,0.050312065,0.8484338,0.10125421,0.8484338,0.74717957,0.4749119752469379,False,False,False,False
M535.JK,Company M535in Drug Manufacturers - Specialty & Generic,MERK.JK,Merck Tbk,PT Merck Tbk,534,High Risk,High Risk,0,0.91476744,0.039794892,0.045437627,0.91476744,0.8693298,0.3188189170897302,False,False,False,False
M536.JK,Company M536in Credit Services,MFIN.JK,Mandala Multifinance Tbk,PT Mandala Multifinance Tbk,535,Medium Risk,Medium Risk,2,0.38431332,0.07350577,0.5421809,0.5421809,0.15786758,0.8112922284338546,True,False,True,True
M537.JK,Company M537in Specialty Business Services,MFMI.JK,Multifiling Mitra Indonesia Tbk,PT Multifiling Mitra Indonesia Tbk,536,Medium Risk,Medium Risk,2,0.07080762,0.201542,0.72765034,0.72765034,0.5261083,0.6750791803319174,False,False,False,False
M538.JK,"Company M538in Furnishings, Fixtures & Appliances",MGLV.JK,Panca Anugrah Wisesa Tbk.,PT Panca Anugrah Wisesa Tbk,537,Medium Risk,Medium Risk,2,0.06476911,0.060512953,0.87471795,0.87471795,0.80994886,0.42242862717097557,False,False,False,False
M539.JK,Company M539in Credit Services,MGNA.JK,Magna Investama Mandiri Tbk.,PT Magna Investama Mandiri Tbk,538,Medium Risk,Medium Risk,2,0.14491902,0.06030631,0.79477465,0.79477465,0.6498556,0.5751247848472739,False,False,False,False
M540.JK,Company M540in Packaged Foods,MGRO.JK,Mahkota Group Tbk.,PT Mahkota Group Tbk,539,Low Risk,Low Risk,1,0.050671965,0.84001726,0.10931083,0.84001726,0.73070645,0.491103032924433,False,False,False,False
M541.JK,Company M541in Waste Management,MHKI.JK,Multi Hanna Kreasindo Tbk.,,540,High Risk,High Risk,0,0.82377034,0.101152726,0.075076915,0.82377034,0.7226176,0.5332588768718142,False,False,False,False
M542.JK,Company M542in Household & Personal Products,MICE.JK,Multi Indocitra Tbk,PT Multi Indocitra Tbk,541,High Risk,High Risk,0,0.8794189,0.037218332,0.08336273,0.8794189,0.79605615,0.40287463232065923,False,False,False,False
M543.JK,Company M543in Grocery Stores,MIDI.JK,Midi Utama Indonesia Tbk.,PT Midi Utama Indonesia Tbk,542,High Risk,High Risk,0,0.91476744,0.039794892,0.045437627,0.91476744,0.8693298,0.3188189170897302,False,False,False,False
M544.JK,Company M544in Medical Care Facilities,MIKA.JK,Mitra Keluarga Karyasehat Tbk.,PT Mitra Keluarga Karyasehat Tbk,543,High Risk,High Risk,0,0.91476744,0.039794892,0.045437627,0.91476744,0.8693298,0.3188189170897302,False,False,False,False
M545.JK,Company M545in Lodging,MINA.JK,Sanurhasta Mitra Tbk.,PT Sanurhasta Mitra Tbk,544,Medium Risk,Medium Risk,2,0.06591317,0.07460425,0.8594825,0.8594825,0.78487825,0.4578794304952475,False,False,False,False
M546.JK,Company M546in Oil & Gas Equipment & Services,MIRA.JK,Mitra International Resources T,PT Mitra International Resources Tbk,545,Medium Risk,Medium Risk,2,0.061272316,0.057228364,0.8814993,0.8814993,0.82022697,0.4059634758314022,False,False,False,False
M547.JK,Company M547in Marine Shipping,MITI.JK,Mitra Investindo Tbk,PT Mitra Investindo Tbk,546,High Risk,High Risk,0,0.8664635,0.046318818,0.087217696,0.8664635,0.7792458,0.43623227045692403,False,False,False,False
M548.JK,Company M548in Oil & Gas Equipment & Services,MKAP.JK,Multikarya Asia Pasifik Raya Tb,,547,High Risk,High Risk,0,0.8947794,0.038885295,0.06633527,0.8947794,0.8284441,0.3692982943522809,False,False,False,False
M549.JK,Company M549in Communication Equipment,MKNT.JK,Mitra Komunikasi Nusantara Tbk.,PT Mitra Komunikasi Nusantara Tbk,548,High Risk,High Risk,0,0.8778402,0.037641343,0.08451846,0.8778402,0.7933217,0.40656005815686,False,False,False,False
M550.JK,Company M550in Real Estate Services,MKPI.JK,Metropolitan Kentjana Tbk,PT Metropolitan Kentjana Tbk,549,High Risk,High Risk,0,0.91476744,0.039794892,0.045437627,0.91476744,0.8693298,0.3188189170897302,False,False,False,False
M551.JK,Company M551in Farm Products,MKTR.JK,Menthobi Karyatama Raya Tbk.,PT Menthobi Karyatama Raya Tbk,550,Low Risk,Low Risk,1,0.05612654,0.88032824,0.06354523,0.88032824,0.816783,0.4086887871602853,False,False,False,False
M552.JK,Company M552in Beverages - Brewers,MLBI.JK,Multi Bintang Indonesia Tbk,PT Multi Bintang Indonesia Tbk,551,High Risk,High Risk,0,0.91476744,0.039794892,0.045437627,0.91476744,0.8693298,0.3188189170897302,False,False,False,False
M553.JK,Company M553in Building Products & Equipment,MLIA.JK,Mulia Industrindo Tbk,PT Mulia Industrindo Tbk,552,High Risk,High Risk,0,0.91476744,0.039794892,0.045437627,0.91476744,0.8693298,0.3188189170897302,False,False,False,False
M554.JK,Company M554in Department Stores,MLPL.JK,Multipolar Tbk,PT Multipolar Tbk,553,Medium Risk,Medium Risk,2,0.07173977,0.061416723,0.86684346,0.86684346,0.79510367,0.4407741033509051,False,False,False,False
M555.JK,Company M555in Information Technology Services,MLPT.JK,Multipolar Technology Tbk.,PT Multipolar Technology Tbk,554,High Risk,High Risk,0,0.91476744,0.039794892,0.045437627,0.91476744,0.8693298,0.3188189170897302,False,False,False,False
M556.JK,Company M556in Pharmaceutical Retailers,MMIX.JK,Multi Medika Internasional Tbk.,PT Multi Medika Internasional Tbk,555,High Risk,High Risk,0,0.866765,0.04547871,0.08775634,0.866765,0.7790087,0.4351096908919869,False,False,False,False
M557.JK,Company M557in Real Estate Services,MMLP.JK,Mega Manunggal Property Tbk.,PT Mega Manunggal Property Tbk,556,Low Risk,Low Risk,1,0.04905211,0.8658142,0.08513367,0.8658142,0.78068054,0.4390686407181655,False,False,False,False
M558.JK,Company M558in Advertising Agencies,MNCN.JK,Media Nusantara Citra Tbk,PT. Media Nusantara Citra Tbk,557,Low Risk,Low Risk,1,0.12406504,0.8040503,0.071884595,0.8040503,0.6799853,0.5675575319364078,False,False,False,False
M559.JK,Company M559in Telecom Services,MORA.JK,Mora Telematika Indonesia Tbk.,PT Mora Telematika Indonesia Tbk,558,Medium Risk,Medium Risk,2,0.08772696,0.21491466,0.6973584,0.6973584,0.48244375,0.723901435708544,False,False,False,False
M560.JK,Company M560in Software - Infrastructure,MPIX.JK,Mitra Pedagang Indonesia Tbk.,,559,High Risk,High Risk,0,0.8786266,0.03739904,0.083974406,0.8786266,0.79465216,0.40470379518094013,False,False,False,False
M561.JK,Company M561in Auto & Truck Dealerships,MPMX.JK,Mitra Pinasthika Mustika Tbk.,PT Mitra Pinasthika Mustika Tbk,560,High Risk,High Risk,0,0.91476744,0.039794892,0.045437627,0.91476744,0.8693298,0.3188189170897302,False,False,False,False
M562.JK,Company M562in Utilities - Independent Power Producers,MPOW.JK,Megapower Makmur Tbk.,PT Megapower Makmur Tbk,561,Low Risk,Low Risk,1,0.064976476,0.8254474,0.10957619,0.8254474,0.7158712,0.526356132902582,False,False,False,False
M563.JK,Company M563in Department Stores,MPPA.JK,Matahari Putra Prima Tbk,PT Matahari Putra Prima Tbk,562,Medium Risk,Medium Risk,2,0.060946975,0.057248205,0.8818049,0.8818049,0.8208579,0.4052223324286269,False,False,False,False
M564.JK,Company M564in Real Estate - Development,MPRO.JK,Maha Properti Indonesia Tbk.,PT Maha Properti Indonesia Tbk,563,Low Risk,Low Risk,1,0.05537508,0.79098487,0.15364008,0.79098487,0.6373448,0.5766290989740446,False,False,False,False
M565.JK,Company M565in Trucking,MPXL.JK,MPX Logistics International Tbk,PT MPX Logistics International Tbk,564,Low Risk,Low Risk,1,0.048667222,0.8912766,0.060056154,0.8912766,0.83122045,0.38102762588402506,False,False,False,False
M566.JK,Company M566in Household & Personal Products,MRAT.JK,Mustika Ratu Tbk,PT Mustika Ratu Tbk,565,Medium Risk,Medium Risk,2,0.074775256,0.10215187,0.82307285,0.82307285,0.720921,0.534503203502805,False,False,False,False
M567.JK,Company M567in Insurance - Reinsurance,MREI.JK,Maskapai Reasuransi Indonesia T,PT Maskapai Reasuransi Indonesia Tbk,566,High Risk,High Risk,0,0.87710035,0.03715761,0.08574207,0.87710035,0.7913583,0.407769010863133,False,False,False,False
M568.JK,Company M568in Real Estate Services,MSIE.JK,Multisarana Intan Eduka Tbk.,PT Multisarana Intan Eduka Tbk,567,Low Risk,Low Risk,1,0.049169015,0.84046185,0.11036906,0.84046185,0.73009276,0.4892005993811282,False,False,False,False
M569.JK,Company M569in Entertainment,MSIN.JK,MNC Digital Entertainment Tbk.,PT MNC Digital Entertainment Tbk,568,High Risk,High Risk,0,0.91476744,0.039794892,0.045437627,0.91476744,0.8693298,0.3188189170897302,False,False,False,False
M570.JK,Company M570in Textile Manufacturing,MSJA.JK,Multi Spunindo Jaya Tbk.,,569,Low Risk,Low Risk,1,0.046960227,0.89864045,0.054399356,0.89864045,0.8442411,0.3623151723623898,False,False,False,False
M571.JK,Company M571in Entertainment,MSKY.JK,MNC Sky Vision Tbk.,PT MNC Sky Vision Tbk,570,Medium Risk,Medium Risk,2,0.06471453,0.061304674,0.87398076,0.87398076,0.8092662,0.4242192150918785,False,False,False,False
M572.JK,Company M572in Information Technology Services,MSTI.JK,Mastersystem Infotama Tbk.,,571,High Risk,High Risk,0,0.9143243,0.04000179,0.045673877,0.9143243,0.86865044,0.32005380344019824,False,False,False,False
M573.JK,Company M573in Electronics & Computer Distribution,MTDL.JK,Metrodata Electronics Tbk,PT Metrodata Electronics Tbk,572,High Risk,High Risk,0,0.91476744,0.039794892,0.045437627,0.91476744,0.8693298,0.3188189170897302,False,False,False,False
M574.JK,Company M574in Telecom Services,MTEL.JK,Dayamitra Telekomunikasi Tbk.,PT Dayamitra Telekomunikasi Tbk.,573,Low Risk,Low Risk,1,0.05063277,0.863447,0.08592019,0.863447,0.7775268,0.44483046710627244,False,False,False,False
M575.JK,Company M575in Oil & Gas E&P,MTFN.JK,Capitalinc Investment Tbk,PT Capitalinc Investment Tbk,574,High Risk,High Risk,0,0.86347806,0.048194397,0.08832756,0.86347806,0.77515054,0.44350684754433783,False,False,False,False
M576.JK,Company M576in Real Estate Services,MTLA.JK,Metropolitan Land Tbk.,PT Metropolitan Land Tbk,575,High Risk,High Risk,0,0.9143243,0.04000179,0.045673877,0.9143243,0.86865044,0.32005380344019824,False,False,False,False
M577.JK,Company M577in Medical Care Facilities,MTMH.JK,Murni Sadar Tbk.,PT Murni Sadar Tbk,576,Medium Risk,Medium Risk,2,0.06448972,0.059958484,0.87555176,0.87555176,0.81106204,0.4204153517132555,False,False,False,False
M578.JK,Company M578in Engineering & Construction,MTPS.JK,Meta Epsi Tbk.,PT Meta Epsi Tbk.,577,Low Risk,Low Risk,1,0.05626594,0.79235274,0.1513813,0.79235274,0.6409714,0.5753935615697474,False,False,False,False
M579.JK,Company M579in Real Estate Services,MTSM.JK,Metro Realty Tbk,PT Metro Realty Tbk,578,Low Risk,Low Risk,1,0.049599364,0.8643171,0.086083494,0.8643171,0.77823365,0.44249524553003045,False,False,False,False
M580.JK,Company M580in Insurance - Diversified,MTWI.JK,Malacca Trust Wuwungan Insuranc,PT Malacca Trust Wuwungan Insurance Tbk,579,Medium Risk,Medium Risk,2,0.27451074,0.05778197,0.66770726,0.66770726,0.39319652,0.7184603618402722,False,False,False,False
M581.JK,Company M581in Specialty Business Services,MUTU.JK,Mutuagung Lestari Tbk.,PT Mutuagung Lestari Tbk,580,Low Risk,Low Risk,1,0.061920665,0.8788179,0.0592614,0.8788179,0.8168973,0.4125581085759822,False,False,False,False
M582.JK,Company M582in Thermal Coal,MYOH.JK,Samindo Resources Tbk.,PT Samindo Resources Tbk,581,Low Risk,Low Risk,1,0.046960227,0.89864045,0.054399356,0.89864045,0.8442411,0.3623151723623898,False,False,False,False
M583.JK,Company M583in Packaged Foods,MYOR.JK,Mayora Indah Tbk,PT Mayora Indah Tbk,582,High Risk,High Risk,0,0.9143243,0.04000179,0.045673877,0.9143243,0.86865044,0.32005380344019824,False,False,False,False
M584.JK,Company M584in Textile Manufacturing,MYTX.JK,Asia Pacific Investama Tbk.,PT Asia Pacific Investama Tbk,583,Low Risk,Low Risk,1,0.05569727,0.81253767,0.13176507,0.81253767,0.6807726,0.5430250098361982,False,False,False,False
N585.JK,Company N585in Building Materials,NAIK.JK,Adiwarna Anugerah Abadi Tbk.,,584,High Risk,High Risk,0,0.873397,0.03626704,0.09033592,0.873397,0.7830611,0.41480245388856996,False,False,False,False
N586.JK,Company N586in Medical Devices,NANO.JK,Nanotech Indonesia Global Tbk.,PT Nanotech Indonesia Global Tbk,585,High Risk,High Risk,0,0.84387696,0.04690336,0.10921967,0.84387696,0.7346573,0.48116241753383293,False,False,False,False
N587.JK,Company N587in Real Estate - Development,NASA.JK,Andalan Perkasa Abadi Tbk.,PT Andalan Perkasa Abadi Tbk,586,Low Risk,Low Risk,1,0.05623544,0.85035425,0.09341031,0.85035425,0.75694394,0.4743752356192774,False,False,False,False
N588.JK,Company N588in Farm Products,NASI.JK,Wahana Inti Makmur Tbk.,PT Wahana Inti Makmur Tbk,587,High Risk,High Risk,0,0.8824349,0.040324807,0.07724025,0.8824349,0.8051947,0.3983573767087291,False,False,False,False
N589.JK,Company N589in Lodging,NATO.JK,Surya Permata Andalan Tbk.,PT Surya Permata Andalan Tbk,588,Low Risk,Low Risk,1,0.05738906,0.7908772,0.15173365,0.7908772,0.6391436,0.578616603551027,False,False,False,False
N590.JK,Company N590in Packaged Foods,NAYZ.JK,Hassana Boga Sejahtera Tbk.,PT Hassana Boga Sejahtera Tbk,589,High Risk,High Risk,0,0.89867383,0.039155632,0.062170513,0.89867383,0.8365033,0.3600763610073499,False,False,False,False
N591.JK,Company N591in Other Industrial Metals & Mining,NCKL.JK,Trimegah Bangun Persada Tbk.,PT Trimegah Bangun Persada Tbk,590,High Risk,High Risk,0,0.9143243,0.04000179,0.045673877,0.9143243,0.86865044,0.32005380344019824,False,False,False,False
N592.JK,Company N592in Marine Shipping,NELY.JK,Pelayaran Nelly Dwi Putri Tbk.,PT Pelayaran Nelly Dwi Putri Tbk,591,Low Risk,Low Risk,1,0.048157,0.8924165,0.059426557,0.8924165,0.83298993,0.37812525504085204,False,False,False,False
N593.JK,Company N593in Farm Products,NEST.JK,Esta Indonesia Tbk.,,592,High Risk,High Risk,0,0.8974818,0.039616298,0.06290195,0.8974818,0.8345798,0.36316143383133226,False,False,False,False
N594.JK,Company N594in Broadcasting,NETV.JK,MDTV Media Technologies Tbk.,PT Net Visi Media Tbk,593,Medium Risk,Medium Risk,2,0.061272316,0.057228364,0.8814993,0.8814993,0.82022697,0.4059634758314022,False,False,False,False
N595.JK,Company N595in Internet Content & Information,NFCX.JK,NFC Indonesia Tbk.,PT NFC Indonesia Tbk,594,Medium Risk,Medium Risk,2,0.060946975,0.057248205,0.8818049,0.8818049,0.8208579,0.4052223324286269,False,False,False,False
N596.JK,Company N596in Other Industrial Metals & Mining,NICE.JK,Adhi Kartiko Pratama Tbk.,,595,High Risk,High Risk,0,0.8946209,0.038943887,0.06643523,0.8946209,0.8281857,0.36970211048982027,False,False,False,False
N597.JK,Company N597in Real Estate Services,NICK.JK,Charnic Capital Tbk.,PT Charnic Capital Tbk,596,Low Risk,Low Risk,1,0.04903686,0.8486837,0.102279454,0.8486837,0.7464043,0.4735969550209969,False,False,False,False
N598.JK,Company N598in Other Industrial Metals & Mining,NICL.JK,PAM Mineral Tbk.,PT PAM Mineral Tbk,597,High Risk,High Risk,0,0.91476744,0.039794892,0.045437627,0.91476744,0.8693298,0.3188189170897302,False,False,False,False
N599.JK,Company N599in Metal Fabrication,NIKL.JK,Pelat Timah Nusantara Tbk.,PT Pelat Timah Nusantara Tbk,598,Low Risk,Low Risk,1,0.046960227,0.89864045,0.054399356,0.89864045,0.8442411,0.3623151723623898,False,False,False,False
N600.JK,Company N600in Information Technology Services,NINE.JK,Techno9 Indonesia Tbk.,PT Techno9 Indonesia Tbk,599,Medium Risk,Medium Risk,2,0.07046361,0.07966444,0.84987193,0.84987193,0.7702075,0.4794319707103991,False,False,False,False
N601.JK,Company N601in Real Estate Services,NIRO.JK,City Retail Developments Tbk.,PT City Retail Developments Tbk,600,Low Risk,Low Risk,1,0.05569727,0.81253767,0.13176507,0.81253767,0.6807726,0.5430250098361982,False,False,False,False
N602.JK,Company N602in Banks - Regional,NISP.JK,Bank OCBC NISP Tbk,PT Bank OCBC NISP Tbk,601,High Risk,High Risk,0,0.87947977,0.037711646,0.08280859,0.87947977,0.79667115,0.40310160596185174,False,False,False,False
N603.JK,Company N603in Banks - Regional,NOBU.JK,Bank Nationalnobu Tbk.,PT Bank Nationalnobu Tbk,602,High Risk,High Risk,0,0.91476744,0.039794892,0.045437627,0.91476744,0.8693298,0.3188189170897302,False,False,False,False
N604.JK,Company N604in Agricultural Inputs,NPGF.JK,Nusa Palapa Gemilang Tbk.,PT Nusa Palapa Gemilang Tbk,603,Medium Risk,Medium Risk,2,0.2124855,0.055623274,0.7318912,0.7318912,0.5194057,0.6537879297202039,False,False,False,False
N605.JK,Company N605in Engineering & Construction,NRCA.JK,Nusa Raya Cipta Tbk.,PT Nusa Raya Cipta Tbk,604,High Risk,High Risk,0,0.88539934,0.038761638,0.07583906,0.88539934,0.8095603,0.3908160031875722,False,False,False,False
N606.JK,Company N606in Farm Products,NSSS.JK,Nusantara Sawit Sejahtera Tbk.,PT Nusantara Sawit Sejahtera Tbk,605,Low Risk,Low Risk,1,0.056580443,0.85533017,0.08808938,0.85533017,0.76724076,0.4643761881475098,False,False,False,False
N607.JK,Company N607in Farm & Heavy Construction Machinery,NTBK.JK,Nusatama Berkah Tbk.,PT Nusatama Berkah Tbk,606,Medium Risk,Medium Risk,2,0.06448904,0.16272041,0.77279055,0.77279055,0.6100701,0.6111535612083868,False,False,False,False
N608.JK,Company N608in Real Estate - Development,NZIA.JK,Nusantara Almazia Tbk.,PT Nusantara Almazia Tbk,607,Medium Risk,Low Risk,1,0.071769714,0.681302,0.24692832,0.681302,0.43437368,0.7244411050784357,False,False,False,False
O609.JK,Company O609in Utilities - Renewable,OASA.JK,Maharaksa Biru Energi Tbk.,PT Maharaksa Biru Energi Tbk,608,High Risk,High Risk,0,0.625386,0.23740119,0.1372128,0.625386,0.3879848,0.8260116331850088,False,False,True,True
O610.JK,Company O610in Packaged Foods,OBAT.JK,Brigit Biofarmaka Teknologi Tbk,,609,High Risk,High Risk,0,0.880257,0.03746844,0.082274556,0.880257,0.79798245,0.4012532370136105,False,False,False,False
O611.JK,Company O611in Specialty Chemicals,OBMD.JK,OBM Drilchem Tbk.,PT OBM Drilchem Tbk,610,Medium Risk,Medium Risk,2,0.16572787,0.25772655,0.57654554,0.57654554,0.318819,0.8782214843982362,True,False,True,True
O612.JK,Company O612in Packaged Foods,OILS.JK,Indo Oil Perkasa Tbk.,PT Indo Oil Perkasa Tbk,611,High Risk,High Risk,0,0.8825855,0.037567552,0.079846926,0.8825855,0.8027386,0.3962647811928225,False,False,False,False
O613.JK,Company O613in Specialty Chemicals,OKAS.JK,Ancora Indonesia Resources Tbk,PT Ancora Indonesia Resources Tbk,612,Low Risk,Low Risk,1,0.050990727,0.83405364,0.11495566,0.83405364,0.719098,0.5022449511388134,False,False,False,False
O614.JK,"Company O614in Furnishings, Fixtures & Appliances",OLIV.JK,Oscar Mitra Sukses Sejahtera Tb,PT Oscar Mitra Sukses Sejahtera Tbk,613,Medium Risk,Medium Risk,2,0.06476911,0.060512953,0.87471795,0.87471795,0.80994886,0.42242862717097557,False,False,False,False
O615.JK,Company O615in Medical Instruments & Supplies,OMED.JK,Jayamas Medica Industri Tbk.,PT Jayamas Medica Industri Tbk,614,High Risk,High Risk,0,0.91476744,0.039794892,0.045437627,0.91476744,0.8693298,0.3188189170897302,False,False,False,False
O616.JK,Company O616in Real Estate Services,OMRE.JK,Indonesia Prima Property Tbk,PT Indonesia Prima Property Tbk,615,Medium Risk,Medium Risk,2,0.061841443,0.05808838,0.88007015,0.88007015,0.8182287,0.40947607400320263,False,False,False,False
O617.JK,Company O617in Waste Management,OPMS.JK,Optima Prima Metal Sinergi Tbk.,PT Optima Prima Metal Sinergi Tbk,616,Low Risk,Low Risk,1,0.04905211,0.8658142,0.08513367,0.8658142,0.78068054,0.4390686407181655,False,False,False,False
P618.JK,Company P618in Packaging & Containers,PACK.JK,Abadi Nusantara Hijau Investama,PT Abadi Nusantara Hijau Investama Tbk,617,Medium Risk,Medium Risk,2,0.06448972,0.059958484,0.87555176,0.87555176,0.81106204,0.4204153517132555,False,False,False,False
P619.JK,Company P619in Staffing & Employment Services,PADA.JK,Personel Alih Daya Tbk.,PT Personel Alih Daya Tbk,618,Low Risk,Low Risk,1,0.06390746,0.8346881,0.10140443,0.8346881,0.7332837,0.5085231174679337,False,False,False,False
P620.JK,Company P620in Capital Markets,PADI.JK,Minna Padi Investama Sekuritas ,PT Minna Padi Investama Sekuritas Tbk,619,Medium Risk,Medium Risk,2,0.060946975,0.057248205,0.8818049,0.8818049,0.8208579,0.4052223324286269,False,False,False,False
P621.JK,Company P621in Asset Management,PALM.JK,Provident Investasi Bersama Tbk,PT Provident Investasi Bersama Tbk,620,Medium Risk,Medium Risk,2,0.060946975,0.057248205,0.8818049,0.8818049,0.8208579,0.4052223324286269,False,False,False,False
P622.JK,Company P622in Real Estate - Diversified,PAMG.JK,Bima Sakti Pertiwi Tbk.,PT Bima Sakti Pertiwi Tbk,621,Low Risk,Low Risk,1,0.06596387,0.79098094,0.14305525,0.79098094,0.6479257,0.5852632120929686,False,False,False,False
P623.JK,Company P623in Real Estate - Development,PANI.JK,Pantai Indah Kapuk Dua Tbk.,PT Pantai Indah Kapuk Dua Tbk,622,High Risk,High Risk,0,0.88089025,0.037599724,0.08150995,0.88089025,0.7993803,0.39997730714466223,False,False,False,False
P624.JK,Company P624in Travel Services,PANR.JK,Panorama Sentrawisata Tbk,PT Panorama Sentrawisata Tbk,623,Medium Risk,Medium Risk,2,0.06361759,0.05935161,0.87703085,0.87703085,0.81341326,0.4168542229039394,False,False,False,False
P625.JK,Company P625in Capital Markets,PANS.JK,Panin Sekuritas Tbk,PT Panin Sekuritas Tbk,624,High Risk,High Risk,0,0.8980023,0.039415143,0.06258256,0.8980023,0.8354198,0.3618160310933636,False,False,False,False
P626.JK,Company P626in Auto Parts,PART.JK,Cipta Perdana Lancar Tbk.,,625,Medium Risk,Medium Risk,2,0.061272316,0.057228364,0.8814993,0.8814993,0.82022697,0.4059634758314022,False,False,False,False
P627.JK,Company P627in Packaging & Containers,PBID.JK,Panca Budi Idaman Tbk.,PT Panca Budi Idaman Tbk,626,High Risk,High Risk,0,0.91476744,0.039794892,0.045437627,0.91476744,0.8693298,0.3188189170897302,False,False,False,False
P628.JK,Company P628in Apparel Manufacturing,PBRX.JK,Pan Brothers Tbk.,PT Pan Brothers Tbk,627,Low Risk,Low Risk,1,0.047723882,0.89699215,0.055283986,0.89699215,0.8417082,0.3666116122172616,False,False,False,False
P629.JK,Company P629in Engineering & Construction,PBSA.JK,Paramita Bangun Sarana Tbk.,PT Paramita Bangun Sarana Tbk,628,Low Risk,Low Risk,1,0.193263,0.7291431,0.07759393,0.7291431,0.5358801,0.6793509615230096,False,False,False,False
P630.JK,Company P630in Packaged Foods,PCAR.JK,Prima Cakrawala Abadi Tbk.,PT Prima Cakrawala Abadi Tbk,629,Low Risk,Low Risk,1,0.055710893,0.79488117,0.14940801,0.79488117,0.6454731,0.571066278039719,False,False,False,False
P631.JK,Company P631in Travel Services,PDES.JK,Destinasi Tirta Nusantara Tbk,PT Destinasi Tirta Nusantara Tbk,630,Medium Risk,Medium Risk,2,0.061272316,0.057228364,0.8814993,0.8814993,0.82022697,0.4059634758314022,False,False,False,False
P632.JK,Company P632in Packaging & Containers,PDPP.JK,Primadaya Plastisindo Tbk.,PT Primadaya Plastisindo Tbk,631,Medium Risk,Medium Risk,2,0.06280107,0.05892301,0.8782759,0.8782759,0.8154748,0.4138466797401134,False,False,False,False
P633.JK,Company P633in Capital Markets,PEGE.JK,Panca Global Kapital Tbk.,PT Panca Global Kapital Tbk,632,Medium Risk,Medium Risk,2,0.06922592,0.05996056,0.87081355,0.87081355,0.80158764,0.431498919228197,False,False,False,False
P634.JK,Company P634in Drug Manufacturers - Specialty & Generic,PEHA.JK,Phapros Tbk.,PT Phapros Tbk,633,Medium Risk,Medium Risk,2,0.06471453,0.061304674,0.87398076,0.87398076,0.8092662,0.4242192150918785,False,False,False,False
P635.JK,Company P635in Pharmaceutical Retailers,PEVE.JK,Penta Valent Tbk.,PT. Penta Valent Tbk,634,High Risk,High Risk,0,0.86636657,0.045200773,0.088432655,0.86636657,0.7779339,0.43577070041928917,False,False,False,False
P636.JK,Company P636in Utilities - Regulated Gas,PGAS.JK,Perusahaan Gas Negara Tbk.,PT Perusahaan Gas Negara Tbk,635,Low Risk,Low Risk,1,0.046960227,0.89864045,0.054399356,0.89864045,0.8442411,0.3623151723623898,False,False,False,False
P637.JK,Company P637in Utilities - Renewable,PGEO.JK,Pertamina Geothermal Energy Tbk,PT Pertamina Geothermal Energy Tbk,636,Low Risk,Low Risk,1,0.047435783,0.8949878,0.057576396,0.8949878,0.8374114,0.37161138009833133,False,False,False,False
P638.JK,Company P638in Travel Services,PGJO.JK,Tourindo Guide Indonesia Tbk.,PT Tourindo Guide Indonesia Tbk,637,Low Risk,Low Risk,1,0.07045467,0.61223733,0.317308,0.61223733,0.29492933,0.775085660122894,False,False,False,False
P639.JK,Company P639in Lodging,PGLI.JK,Pembangunan Graha Lestari Indah,PT Pembangunan Graha Lestari Indah Tbk,638,High Risk,High Risk,0,0.82007957,0.084011145,0.09590925,0.82007957,0.7241703,0.5421297023121252,False,False,False,False
P640.JK,Company P640in Farm Products,PGUN.JK,Pradiksi Gunatama Tbk.,PT Pradiksi Gunatama Tbk,639,Low Risk,Low Risk,1,0.050443478,0.84668607,0.10287044,0.84668607,0.7438156,0.478363808394683,False,False,False,False
P641.JK,Company P641in Packaging & Containers,PICO.JK,Pelangi Indah Canindo Tbk,PT Pelangi Indah Canindo Tbk,640,Medium Risk,Medium Risk,2,0.06448972,0.059958484,0.87555176,0.87555176,0.81106204,0.4204153517132555,False,False,False,False
P642.JK,Company P642in Building Products & Equipment,PIPA.JK,Multi Makmur Lemindo Tbk.,PT. Multi Makmur Lemindo,641,Medium Risk,Medium Risk,2,0.06448972,0.059958484,0.87555176,0.87555176,0.81106204,0.4204153517132555,False,False,False,False
P643.JK,Company P643in Leisure,PJAA.JK,Pembangunan Jaya Ancol Tbk,PT Pembangunan Jaya Ancol Tbk,642,Low Risk,Low Risk,1,0.05420766,0.84454286,0.10124946,0.84454286,0.7432934,0.48477864177344204,False,False,False,False
P644.JK,Company P644in Engineering & Construction,PKPK.JK,Paragon Karya Perkasa Tbk.,PT Paragon Karya Perkasa Tbk,643,Medium Risk,Low Risk,1,0.0958146,0.47394994,0.43023545,0.47394994,0.043714494,0.856957957828748,True,True,True,True
P645.JK,Company P645in Lodging,PLAN.JK,Planet Properindo Jaya Tbk.,PT Planet Properindo Jaya Tbk,644,Medium Risk,Medium Risk,2,0.06471453,0.061304674,0.87398076,0.87398076,0.8092662,0.4242192150918785,False,False,False,False
P646.JK,Company P646in Real Estate Services,PLIN.JK,Plaza Indonesia Realty Tbk,PT Plaza Indonesia Realty Tbk,645,Low Risk,Low Risk,1,0.1262438,0.7722697,0.101486444,0.7722697,0.6460259,0.6308152240857012,False,False,False,False
P647.JK,Company P647in Auto & Truck Dealerships,PMJS.JK,Putra Mandiri Jembar Tbk.,PT Putra Mandiri Jembar Tbk,646,High Risk,High Risk,0,0.86015207,0.03563125,0.10421666,0.86015207,0.75593543,0.4406063213536808,False,False,False,False
P648.JK,Company P648in Packaged Foods,PMMP.JK,Panca Mitra Multiperdana Tbk.,PT Panca Mitra Multiperdana Tbk,647,Medium Risk,Medium Risk,2,0.17912954,0.10119649,0.719674,0.719674,0.54054445,0.7068837024314671,False,False,False,False
P649.JK,Company P649in Banks - Regional,PNBN.JK,Bank Pan Indonesia Tbk,PT Bank Pan Indonesia Tbk,648,High Risk,High Risk,0,0.91476744,0.039794892,0.045437627,0.91476744,0.8693298,0.3188189170897302,False,False,False,False
P650.JK,Company P650in Banks - Regional,PNBS.JK,Bank Panin Dubai Syariah Tbk.,PT Bank Panin Dubai Syariah Tbk,649,Medium Risk,Medium Risk,2,0.339075,0.06333578,0.5975892,0.5975892,0.2585142,0.7729330048912469,True,False,False,True
P651.JK,Company P651in Farm Products,PNGO.JK,Pinago Utama Tbk.,PT PINAGO UTAMA Tbk,650,High Risk,High Risk,0,0.9143243,0.04000179,0.045673877,0.9143243,0.86865044,0.32005380344019824,False,False,False,False
P652.JK,Company P652in Insurance - Life,PNIN.JK,Paninvest Tbk,PT Paninvest Tbk,651,High Risk,High Risk,0,0.91476744,0.039794892,0.045437627,0.91476744,0.8693298,0.3188189170897302,False,False,False,False
P653.JK,Company P653in Insurance - Life,PNLF.JK,Panin Financial Tbk,PT Panin Financial Tbk,652,High Risk,High Risk,0,0.91476744,0.039794892,0.045437627,0.91476744,0.8693298,0.3188189170897302,False,False,False,False
P654.JK,Company P654in Resorts & Casinos,PNSE.JK,Pudjiadi & Sons Tbk.,PT Pudjiadi and Sons Tbk,653,Medium Risk,Medium Risk,2,0.061272316,0.057228364,0.8814993,0.8814993,0.82022697,0.4059634758314022,False,False,False,False
P655.JK,Company P655in Credit Services,POLA.JK,Pool Advista Finance Tbk.,PT Pool Advista Finance Tbk,654,Medium Risk,Medium Risk,2,0.06280107,0.05892301,0.8782759,0.8782759,0.8154748,0.4138466797401134,False,False,False,False
P656.JK,Company P656in Real Estate - Development,POLI.JK,Pollux Hotels Group Tbk.,PT Pollux Hotels Group Tbk,655,Low Risk,Low Risk,1,0.049413,0.847523,0.103064016,0.847523,0.744459,0.47607947752608737,False,False,False,False
P657.JK,Company P657in Real Estate - Development,POLL.JK,Pollux Properties Indonesia Tbk,PT Pollux Properties Indonesia Tbk,656,Medium Risk,Low Risk,1,0.09913612,0.5307962,0.3700677,0.5307962,0.16072848,0.8494322095994911,True,False,True,True
P658.JK,Company P658in Apparel Manufacturing,POLU.JK,Golden Flower Tbk.,PT Golden Flower Tbk,657,Medium Risk,Medium Risk,2,0.06313564,0.058901973,0.87796235,0.87796235,0.8148267,0.41459742618686884,False,False,False,False
P659.JK,Company P659in Specialty Chemicals,POLY.JK,Asia Pacific Fibers Tbk,PT Asia Pacific Fibers Tbk,658,Medium Risk,Medium Risk,2,0.0712245,0.17278266,0.7559929,0.7559929,0.58321023,0.6398947665327454,False,False,False,False
P660.JK,Company P660in Marine Shipping,PORT.JK,Nusantara Pelabuhan Handal Tbk.,PT Nusantara Pelabuhan Handal Tbk,659,Low Risk,Low Risk,1,0.055943526,0.81613016,0.1279263,0.81613016,0.6882039,0.5372102310699858,False,False,False,False
P661.JK,Company P661in Utilities - Independent Power Producers,POWR.JK,Cikarang Listrindo Tbk.,PT Cikarang Listrindo Tbk,660,Low Risk,Low Risk,1,0.046960227,0.89864045,0.054399356,0.89864045,0.8442411,0.3623151723623898,False,False,False,False
P662.JK,Company P662in Integrated Freight & Logistics,PPGL.JK,Prima Globalindo Logistik Tbk.,PT Prima Globalindo Logistik Tbk,661,Low Risk,Low Risk,1,0.047351275,0.8817506,0.07089816,0.8817506,0.8108524,0.4032601918237391,False,False,False,False
P663.JK,Company P663in Engineering & Construction,PPRE.JK,PP Presisi Tbk.,PT PP Presisi Tbk,662,Low Risk,Low Risk,1,0.05513577,0.85802007,0.08684417,0.85802007,0.7711759,0.4581995862157392,False,False,False,False
P664.JK,Company P664in Packaging & Containers,PPRI.JK,Paperocks Indonesia Tbk.,PT Paperocks Indonesia Tbk,663,Medium Risk,Medium Risk,2,0.062171247,0.058067963,0.8797608,0.8797608,0.8175896,0.41022180191002494,False,False,False,False
P665.JK,Company P665in Real Estate - Development,PPRO.JK,PP Properti Tbk.,PT Pembangunan Perumahan Properti Tbk,664,Medium Risk,Medium Risk,2,0.061790295,0.058867387,0.8793423,0.8793423,0.81755203,0.4112747187152414,False,False,False,False
P666.JK,Company P666in Medical Care Facilities,PRAY.JK,Famon Awal Bros Sedaya Tbk.,PT Famon Awal Bros Sedaya Tbk,665,High Risk,High Risk,0,0.91476744,0.039794892,0.045437627,0.91476744,0.8693298,0.3188189170897302,False,False,False,False
P667.JK,Company P667in Diagnostics & Research,PRDA.JK,Prodia Widyahusada Tbk.,PT Prodia Widyahusada Tbk,666,High Risk,High Risk,0,0.91476744,0.039794892,0.045437627,0.91476744,0.8693298,0.3188189170897302,False,False,False,False
P668.JK,Company P668in Medical Care Facilities,PRIM.JK,Royal Prima Tbk.,PT Royal Prima Tbk,667,Medium Risk,Medium Risk,2,0.061272316,0.057228364,0.8814993,0.8814993,0.82022697,0.4059634758314022,False,False,False,False
P669.JK,Company P669in Gold,PSAB.JK,J Resources Asia Pasifik Tbk.,PT J Resources Asia Pasifik Tbk,668,Low Risk,Low Risk,1,0.046960227,0.89864045,0.054399356,0.89864045,0.8442411,0.3623151723623898,False,False,False,False
P670.JK,Company P670in Packaged Foods,PSDN.JK,Prasidha Aneka Niaga Tbk,PT Prasidha Aneka Niaga Tbk,669,High Risk,High Risk,0,0.8825855,0.037567552,0.079846926,0.8825855,0.8027386,0.3962647811928225,False,False,False,False
P671.JK,Company P671in Farm Products,PSGO.JK,Palma Serasih Tbk.,PT Palma Serasih Tbk,670,Low Risk,Low Risk,1,0.20973784,0.71604824,0.074213915,0.71604824,0.5063104,0.691572761022031,False,False,False,False
P672.JK,Company P672in Lodging,PSKT.JK,Red Planet Indonesia Tbk.,PT Red Planet Indonesia Tbk,671,Medium Risk,Medium Risk,2,0.06471453,0.061304674,0.87398076,0.87398076,0.8092662,0.4242192150918785,False,False,False,False
P673.JK,Company P673in Marine Shipping,PSSI.JK,IMC Pelita Logistik Tbk.,PT IMC Pelita Logistik Tbk,672,Low Risk,Low Risk,1,0.046960227,0.89864045,0.054399356,0.89864045,0.8442411,0.3623151723623898,False,False,False,False
P674.JK,Company P674in Thermal Coal,PTBA.JK,Bukit Asam Tbk.,PT Bukit Asam Tbk,673,High Risk,High Risk,0,0.91476744,0.039794892,0.045437627,0.91476744,0.8693298,0.3188189170897302,False,False,False,False
P675.JK,Company P675in Engineering & Construction,PTDU.JK,Djasa Ubersakti Tbk.,PT Djasa Ubersakti Tbk,674,Low Risk,Low Risk,1,0.048203982,0.8932872,0.058508832,0.8932872,0.83477837,0.37598011405548326,False,False,False,False
P676.JK,Company P676in Marine Shipping,PTIS.JK,Indo Straits Tbk.,PT Indo Straits Tbk,675,Low Risk,Low Risk,1,0.046960227,0.89864045,0.054399356,0.89864045,0.8442411,0.3623151723623898,False,False,False,False
P677.JK,Company P677in Specialty Industrial Machinery,PTMP.JK,Mitra Pack Tbk.,PT Mitra Pack Tbk,676,High Risk,High Risk,0,0.8129759,0.097981036,0.08904305,0.8129759,0.71499485,0.5564297741428117,False,False,False,False
P678.JK,Company P678in Packaging & Containers,PTMR.JK,Master Print Tbk.,,677,Medium Risk,Medium Risk,2,0.06471453,0.061304674,0.87398076,0.87398076,0.8092662,0.4242192150918785,False,False,False,False
P679.JK,Company P679in Engineering & Construction,PTPP.JK,PP (Persero) Tbk.,PT PP (Persero) Tbk,678,Low Risk,Low Risk,1,0.051088925,0.8574855,0.091425605,0.8574855,0.7660599,0.4573937443386907,False,False,False,False
P680.JK,Company P680in Farm Products,PTPS.JK,Pulau Subur Tbk.,PT Pulau Subur Tbk,679,Medium Risk,Medium Risk,2,0.2636778,0.05581735,0.6805048,0.6805048,0.416827,0.7049806178343331,False,False,False,False
P681.JK,Company P681in Engineering & Construction,PTPW.JK,Pratama Widya Tbk.,PT Pratama Widya Tbk,680,Low Risk,Low Risk,1,0.047761552,0.8681927,0.08404578,0.8681927,0.7841469,0.4333745510555345,False,False,False,False
P682.JK,Company P682in Other Industrial Metals & Mining,PTRO.JK,Petrosea Tbk,PT Petrosea Tbk,681,Low Risk,Low Risk,1,0.046960227,0.89864045,0.054399356,0.89864045,0.8442411,0.3623151723623898,False,False,False,False
P683.JK,Company P683in Electronic Components,PTSN.JK,Sat Nusapersada Tbk,PT Sat Nusapersada Tbk,682,Low Risk,Low Risk,1,0.046960227,0.89864045,0.054399356,0.89864045,0.8442411,0.3623151723623898,False,False,False,False
P684.JK,Company P684in Restaurants,PTSP.JK,Pioneerindo Gourmet Internation,PT Pioneerindo Gourmet International Tbk,683,High Risk,High Risk,0,0.8778402,0.037641343,0.08451846,0.8778402,0.7933217,0.40656005815686,False,False,False,False
P685.JK,Company P685in Real Estate Services,PUDP.JK,Pudjiadi Prestige Tbk.,PT Pudjiadi Prestige Tbk,684,Low Risk,Low Risk,1,0.048806872,0.86928266,0.08191043,0.86928266,0.78737223,0.4315596028705237,False,False,False,False
P686.JK,Company P686in Trucking,PURA.JK,Putra Rajawali Kencana Tbk.,PT Putra Rajawali Kencana Tbk,685,Low Risk,Low Risk,1,0.04919042,0.8682555,0.082554124,0.8682555,0.7857014,0.43394468431918254,False,False,False,False
P687.JK,Company P687in Real Estate - Development,PURI.JK,Puri Global Sukses Tbk.,PT Puri Global Sukses Tbk,686,Low Risk,Low Risk,1,0.04793568,0.85961115,0.09245324,0.85961115,0.7671579,0.4512941837767046,False,False,False,False
P688.JK,Company P688in Real Estate - Diversified,PWON.JK,Pakuwon Jati Tbk.,PT Pakuwon Jati Tbk,687,Low Risk,Low Risk,1,0.20800298,0.71839696,0.073600054,0.71839696,0.510394,0.6883548189624134,False,False,False,False
P689.JK,Company P689in Drug Manufacturers - Specialty & Generic,PYFA.JK,Pyridam Farma Tbk,PT Pyridam Farma Tbk,688,Medium Risk,Medium Risk,2,0.06471453,0.061304674,0.87398076,0.87398076,0.8092662,0.4242192150918785,False,False,False,False
P690.JK,Company P690in Restaurants,PZZA.JK,Sarimelati Kencana Tbk.,PT Sarimelati Kencana Tbk,689,Medium Risk,Medium Risk,2,0.061272316,0.057228364,0.8814993,0.8814993,0.82022697,0.4059634758314022,False,False,False,False
R691.JK,Company R691in Entertainment,RAAM.JK,Tripar Multivision Plus Tbk.,PT Tripar Multivision Plus Tbk,690,Medium Risk,Medium Risk,2,0.062119845,0.05884671,0.87903345,0.87903345,0.8169136,0.41201955142304864,False,False,False,False
R692.JK,Company R692in Restaurants,RAFI.JK,Sari Kreasi Boga Tbk.,PT Sari Kreasi Boga Tbk,691,Medium Risk,Medium Risk,2,0.061962593,0.057077542,0.88095987,0.88095987,0.81899726,0.40725945273284014,False,False,False,False
R693.JK,Company R693in Utilities - Regulated Gas,RAJA.JK,Rukun Raharja Tbk,PT Rukun Raharja Tbk,692,Low Risk,Low Risk,1,0.046960227,0.89864045,0.054399356,0.89864045,0.8442411,0.3623151723623898,False,False,False,False
R694.JK,Company R694in Department Stores,RALS.JK,Ramayana Lestari Sentosa Tbk,PT Ramayana Lestari Sentosa Tbk,693,High Risk,High Risk,0,0.87947977,0.037711646,0.08280859,0.87947977,0.79667115,0.40310160596185174,False,False,False,False
R695.JK,Company R695in Grocery Stores,RANC.JK,Supra Boga Lestari Tbk.,PT Supra Boga Lestari Tbk,694,Medium Risk,Medium Risk,2,0.14421776,0.060355768,0.7954265,0.7954265,0.65120876,0.5741526529713596,False,False,False,False
R696.JK,Company R696in Oil & Gas E&P,RATU.JK,Raharja Energi Cepu Tbk.,,695,Low Risk,Low Risk,1,0.046960227,0.89864045,0.054399356,0.89864045,0.8442411,0.3623151723623898,False,False,False,False
R697.JK,Company R697in Real Estate - Development,RBMS.JK,Ristia Bintang Mahkotasejati Tb,PT Ristia Bintang Mahkotasejati Tbk,696,Low Risk,Low Risk,1,0.050059427,0.835135,0.11480553,0.835135,0.72032946,0.49959668117971473,False,False,False,False
R698.JK,Company R698in Trucking,RCCC.JK,Utama Radar Cahaya Tbk.,PT Utama Radar Cahaya Tbk,697,Low Risk,Low Risk,1,0.048157,0.8924165,0.059426557,0.8924165,0.83298993,0.37812525504085204,False,False,False,False
R699.JK,Company R699in Real Estate Services,RDTX.JK,Roda Vivatex Tbk,PT Roda Vivatex Tbk,698,High Risk,High Risk,0,0.9143243,0.04000179,0.045673877,0.9143243,0.86865044,0.32005380344019824,False,False,False,False
R700.JK,Company R700in Real Estate - Diversified,REAL.JK,Repower Asia Indonesia Tbk.,PT Repower Asia Indonesia Tbk,699,Medium Risk,Medium Risk,2,0.06720227,0.1863645,0.74643326,0.74643326,0.5600687,0.6488593437244562,False,False,False,False
R701.JK,Company R701in Real Estate - Development,RELF.JK,Graha Mitra Asia Tbk.,PT Graha Mitra Asia Tbk,700,Low Risk,Low Risk,1,0.046960227,0.89864045,0.054399356,0.89864045,0.8442411,0.3623151723623898,False,False,False,False
R702.JK,Company R702in Capital Markets,RELI.JK,Reliance Sekuritas Indonesia Tb,PT Reliance Sekuritas Indonesia Tbk,701,High Risk,High Risk,0,0.8548581,0.038406633,0.10673525,0.8548581,0.7481229,0.4533500490057492,False,False,False,False
R703.JK,Company R703in Oil & Gas Equipment & Services,RGAS.JK,Kian Santang Muliatama Tbk.,,702,High Risk,High Risk,0,0.8947794,0.038885295,0.06633527,0.8947794,0.8284441,0.3692982943522809,False,False,False,False
R704.JK,Company R704in Apparel Manufacturing,RICY.JK,Ricky Putra Globalindo Tbk,PT Ricky Putra Globalindo Tbk,703,Medium Risk,Medium Risk,2,0.062171247,0.058067963,0.8797608,0.8797608,0.8175896,0.41022180191002494,False,False,False,False
R705.JK,Company R705in Marine Shipping,RIGS.JK,Rig Tenders Indonesia Tbk.,PT Rig Tenders Indonesia Tbk,704,Low Risk,Low Risk,1,0.04905211,0.8658142,0.08513367,0.8658142,0.78068054,0.4390686407181655,False,False,False,False
R706.JK,Company R706in Real Estate - Development,RISE.JK,Jaya Sukses Makmur Sentosa Tbk.,PT Jaya Sukses Makmur Sentosa Tbk,705,Medium Risk,Medium Risk,2,0.066032015,0.13210939,0.80185854,0.80185854,0.66974914,0.5679204401916812,False,False,False,False
R707.JK,Company R707in Thermal Coal,RMKE.JK,RMK Energy Tbk.,PT RMK Energy Tbk,706,High Risk,High Risk,0,0.91476744,0.039794892,0.045437627,0.91476744,0.8693298,0.3188189170897302,False,False,False,False
R708.JK,Company R708in Thermal Coal,RMKO.JK,Royaltama Mulia Kontraktorindo ,PT Royaltama Mulia Kontraktorindo Tbk,707,High Risk,High Risk,0,0.68163383,0.17675161,0.14161454,0.68163383,0.5048822,0.7685727346338742,False,False,False,False
R709.JK,Company R709in Real Estate Services,ROCK.JK,Rockfields Properti Indonesia T,PT Rockfields Properti Indonesia Tbk.,708,Low Risk,Low Risk,1,0.047771156,0.8932784,0.058950398,0.8932784,0.834328,0.3759221973919305,False,False,False,False
R710.JK,Company R710in Real Estate - Development,RODA.JK,Pikko Land Development Tbk.,PT Pikko Land Development Tbk,709,Medium Risk,Medium Risk,2,0.060946975,0.057248205,0.8818049,0.8818049,0.8208579,0.4052223324286269,False,False,False,False
R711.JK,Company R711in Engineering & Construction,RONY.JK,Aesler Grup Internasional Tbk.,PT Aesler Grup Internasional Tbk,710,Medium Risk,Medium Risk,2,0.09161906,0.34508756,0.56329334,0.56329334,0.21820578,0.8278110917143341,True,False,True,True
R712.JK,Company R712in Packaged Foods,ROTI.JK,Nippon Indosari Corpindo Tbk.,PT Nippon Indosari Corpindo Tbk,711,High Risk,High Risk,0,0.91476744,0.039794892,0.045437627,0.91476744,0.8693298,0.3188189170897302,False,False,False,False
R713.JK,Company R713in Medical Care Facilities,RSCH.JK,Charlie Hospital Semarang Tbk.,PT Charlie Hospital Semarang Tbk,712,Low Risk,Low Risk,1,0.060650863,0.7668117,0.17253745,0.7668117,0.5942743,0.6160073845227522,False,False,False,False
R714.JK,Company R714in Medical Care Facilities,RSGK.JK,Kedoya Adyaraya Tbk.,PT Kedoya Adyaraya Tbk,713,High Risk,High Risk,0,0.88122916,0.03800154,0.08076931,0.88122916,0.80045986,0.39952108117387514,False,False,False,False
R715.JK,Company R715in Oil & Gas Equipment & Services,RUIS.JK,Radiant Utama Interinsco Tbk,PT Radiant Utama Interinsco Tbk,714,Low Risk,Low Risk,1,0.055995256,0.8159602,0.12804455,0.8159602,0.6879157,0.5375357579845681,False,False,False,False
R716.JK,Company R716in Software - Application,RUNS.JK,Global Sukses Solusi Tbk.,PT Global Sukses Solusi Tbk,715,High Risk,High Risk,0,0.8491844,0.03815665,0.11265894,0.8491844,0.7365255,0.4636975730395772,False,False,False,False
S717.JK,Company S717in Railroads,SAFE.JK,Steady Safe Tbk,PT Steady Safe Tbk,716,Medium Risk,Medium Risk,2,0.07412761,0.10126711,0.8246053,0.8246053,0.7233382,0.5314014202972075,False,False,False,False
S718.JK,Company S718in Real Estate - Development,SAGE.JK,Saptausaha Gemilangindah Tbk.,PT Saptausaha Gemilangindah Tbk,717,Low Risk,Low Risk,1,0.05595227,0.7879355,0.1561122,0.7879355,0.6318233,0.5816874616997392,False,False,False,False
S719.JK,Company S719in Medical Care Facilities,SAME.JK,Sarana Meditama Metropolitan Tb,PT Sarana Meditama Metropolitan Tbk,718,Medium Risk,Medium Risk,2,0.061272316,0.057228364,0.8814993,0.8814993,0.82022697,0.4059634758314022,False,False,False,False
S720.JK,Company S720in Agricultural Inputs,SAMF.JK,Saraswanti Anugerah Makmur Tbk.,"PT Saraswanti Anugerah Makmur, Tbk",719,High Risk,High Risk,0,0.91476744,0.039794892,0.045437627,0.91476744,0.8693298,0.3188189170897302,False,False,False,False
S721.JK,Company S721in Integrated Freight & Logistics,SAPX.JK,Satria Antaran Prima Tbk.,PT Satria Antaran Prima Tbk,720,Low Risk,Low Risk,1,0.056073334,0.78964037,0.15428628,0.78964037,0.6353541,0.5792768806427714,False,False,False,False
S722.JK,Company S722in Real Estate - Development,SATU.JK,Kota Satu Properti Tbk.,PT Kota Satu Properti Tbk,721,Low Risk,Low Risk,1,0.047598124,0.89462847,0.05777344,0.89462847,0.83685505,0.3725369073709746,False,False,False,False
S723.JK,Company S723in Textile Manufacturing,SBAT.JK,Sejahtera Bintang Abadi Textile,PT Sejahtera Bintang Abadi Textile Tbk,722,Medium Risk,Medium Risk,2,0.0615138,0.057780627,0.8807056,0.8807056,0.8191918,0.40792095055051425,False,False,False,False
S724.JK,Company S724in Electrical Equipment & Parts,SCCO.JK,Supreme Cable Manufacturing & C,PT Supreme Cable Manufacturing & Commerce Tbk,723,Low Risk,Low Risk,1,0.21048425,0.68618256,0.10333317,0.68618256,0.4756983,0.7472850648182211,False,False,False,False
S725.JK,Company S725in Broadcasting,SCMA.JK,Surya Citra Media Tbk,PT Surya Citra Media Tbk,724,High Risk,High Risk,0,0.91476744,0.039794892,0.045437627,0.91476744,0.8693298,0.3188189170897302,False,False,False,False
S726.JK,Company S726in Consumer Electronics,SCNP.JK,Selaras Citra Nusantara Perkasa,PT Selaras Citra Nusantara Perkasa Tbk,725,High Risk,High Risk,0,0.8727941,0.045536116,0.08166978,0.8727941,0.79112434,0.4223597239740557,False,False,False,False
S727.JK,Company S727in Trucking,SDMU.JK,Sidomulyo Selaras Tbk.,PT Sidomulyo Selaras Tbk,726,Medium Risk,Medium Risk,2,0.06283703,0.1255966,0.81156635,0.81156635,0.68596977,0.5496955446063616,False,False,False,False
S728.JK,Company S728in Medical Distribution,SDPC.JK,Millennium Pharmacon Internatio,PT Millennium Pharmacon International Tbk,727,Low Risk,Low Risk,1,0.051248156,0.8321531,0.11659875,0.8321531,0.71555436,0.5058505957536986,False,False,False,False
S729.JK,Company S729in Banks - Regional,SDRA.JK,Bank Woori Saudara Indonesia 19,PT Bank Woori Saudara Indonesia 1906 Tbk,728,High Risk,High Risk,0,0.91476744,0.039794892,0.045437627,0.91476744,0.8693298,0.3188189170897302,False,False,False,False
S730.JK,Company S730in Specialty Industrial Machinery,SEMA.JK,Semacom Integrated Tbk.,PT Semacom Integrated Tbk,729,Low Risk,Low Risk,1,0.061920665,0.8788179,0.0592614,0.8788179,0.8168973,0.4125581085759822,False,False,False,False
S731.JK,Company S731in Asset Management,SFAN.JK,Surya Fajar Capital Tbk.,PT Surya Fajar Capital Tbk,730,High Risk,High Risk,0,0.5895635,0.1335571,0.2768794,0.5895635,0.3126841,0.851939417895604,True,False,True,True
S732.JK,Company S732in Thermal Coal,SGER.JK,Sumber Global Energy Tbk.,PT Sumber Global Energy Tbk,731,High Risk,High Risk,0,0.89869905,0.039670028,0.06163091,0.89869905,0.83706814,0.36022634753324373,False,False,False,False
S733.JK,Company S733in Farm Products,SGRO.JK,Sampoerna Agro Tbk,PT Sampoerna Agro Tbk,732,High Risk,High Risk,0,0.9152955,0.040105335,0.044599153,0.9152955,0.8706963,0.3174050180634848,False,False,False,False
S734.JK,Company S734in Lodging,SHID.JK,Hotel Sahid Jaya International ,PT Hotel Sahid Jaya International Tbk,733,Low Risk,Low Risk,1,0.05631717,0.7839322,0.1597506,0.7839322,0.6241816,0.5878786038336944,False,False,False,False
S735.JK,Company S735in Oil & Gas Equipment & Services,SHIP.JK,Sillo Maritime Perdana Tbk.,PT Sillo Maritime Perdana Tbk,734,Low Risk,Low Risk,1,0.046960227,0.89864045,0.054399356,0.89864045,0.8442411,0.3623151723623898,False,False,False,False
S736.JK,Company S736in Oil & Gas Equipment & Services,SICO.JK,Sigma Energy Compressindo Tbk.,PT Sigma Energy Compressindo Tbk,735,High Risk,High Risk,0,0.9148986,0.039733667,0.045367733,0.9148986,0.86953086,0.3184531062194683,False,False,False,False
S737.JK,Company S737in Drug Manufacturers - Specialty & Generic,SIDO.JK,Industri Jamu dan Farmasi Sido ,PT Industri Jamu dan Farmasi Sido Muncul Tbk,736,High Risk,High Risk,0,0.91476744,0.039794892,0.045437627,0.91476744,0.8693298,0.3188189170897302,False,False,False,False
S738.JK,Company S738in Medical Care Facilities,SILO.JK,Siloam International Hospitals ,PT Siloam International Hospitals Tbk,737,High Risk,High Risk,0,0.91476744,0.039794892,0.045437627,0.91476744,0.8693298,0.3188189170897302,False,False,False,False
S739.JK,Company S739in Packaged Foods,SIMP.JK,Salim Ivomas Pratama Tbk.,PT Salim Ivomas Pratama Tbk,738,Low Risk,Low Risk,1,0.18969195,0.7347512,0.0755568,0.7347512,0.54505926,0.6708062597966242,False,False,False,False
S740.JK,Company S740in Lumber & Wood Production,SINI.JK,Singaraja Putra Tbk.,PT Singaraja Putra Tbk,739,Low Risk,Low Risk,1,0.055995256,0.8159602,0.12804455,0.8159602,0.6879157,0.5375357579845681,False,False,False,False
S741.JK,Company S741in Farm Products,SIPD.JK,Sreeya Sewu Indonesia Tbk.,PT Sreeya Sewu Indonesia Tbk,740,Medium Risk,Medium Risk,2,0.063280635,0.05937296,0.8773464,0.8773464,0.81406575,0.4161010350053246,False,False,False,False
S742.JK,Company S742in Packaged Foods,SKBM.JK,Sekar Bumi Tbk.,PT Sekar Bumi Tbk,741,Medium Risk,Medium Risk,2,0.0615138,0.057780627,0.8807056,0.8807056,0.8191918,0.40792095055051425,False,False,False,False
S743.JK,Company S743in Packaged Foods,SKLT.JK,Sekar Laut Tbk,PT Sekar Laut Tbk,742,High Risk,High Risk,0,0.91476744,0.039794892,0.045437627,0.91476744,0.8693298,0.3188189170897302,False,False,False,False
S744.JK,Company S744in Rental & Leasing Services,SKRN.JK,Superkrane Mitra Utama Tbk.,PT Superkrane Mitra Utama Tbk,743,High Risk,High Risk,0,0.6941081,0.17526634,0.13062553,0.6941081,0.5188418,0.7505224299837422,False,False,False,False
S745.JK,Company S745in Electronics & Computer Distribution,SLIS.JK,Gaya Abadi Sempurna Tbk.,PT Gaya Abadi Sempurna Tbk,744,High Risk,High Risk,0,0.8249611,0.08173179,0.0933071,0.8249611,0.73165405,0.5322454573322336,False,False,False,False
S746.JK,Company S746in Farm Products,SMAR.JK,Smart Tbk.,PT Sinar Mas Agro Resources and Technology Tbk,745,Low Risk,Low Risk,1,0.12652807,0.7459396,0.12753233,0.7459396,0.61840725,0.6761724624745421,False,False,False,False
S747.JK,Company S747in Building Materials,SMBR.JK,Semen Baturaja Tbk.,PT Semen Baturaja (Persero) Tbk,746,Low Risk,Low Risk,1,0.19234219,0.7317507,0.07590712,0.7317507,0.53940856,0.6747751381936975,False,False,False,False
S748.JK,Company S748in Building Materials,SMCB.JK,Solusi Bangun Indonesia Tbk,PT Solusi Bangun Indonesia Tbk,747,High Risk,High Risk,0,0.91572523,0.03965472,0.044620093,0.91572523,0.87110513,0.31617723905065187,False,False,False,False
S749.JK,Company S749in Real Estate - Development,SMDM.JK,Suryamas Dutamakmur Tbk,PT Suryamas Dutamakmur Tbk,748,High Risk,High Risk,0,0.77078944,0.16286166,0.06634886,0.77078944,0.6079278,0.6155316269370901,False,False,False,False
S750.JK,Company S750in Marine Shipping,SMDR.JK,Samudera Indonesia  Tbk,PT Samudera Indonesia Tbk,749,Low Risk,Low Risk,1,0.046960227,0.89864045,0.054399356,0.89864045,0.8442411,0.3623151723623898,False,False,False,False
S751.JK,Company S751in Other Industrial Metals & Mining,SMGA.JK,Sumber Mineral Global Abadi Tbk,,750,High Risk,High Risk,0,0.8780324,0.036087885,0.08587979,0.8780324,0.7921526,0.4049674448545089,False,False,False,False
S752.JK,Company S752in Building Materials,SMGR.JK,Semen Indonesia (Persero) Tbk.,PT Semen Indonesia (Persero) Tbk,751,Medium Risk,Medium Risk,2,0.13030821,0.058478322,0.8112135,0.8112135,0.6809053,0.5473268480124034,False,False,False,False
S753.JK,Company S753in Rental & Leasing Services,SMIL.JK,Sarana Mitra Luas Tbk.,PT Sarana Mitra Luas Tbk,752,Low Risk,Low Risk,1,0.05482395,0.85411036,0.09106575,0.85411036,0.7630446,0.4661212294276141,False,False,False,False
S754.JK,Company S754in Packaging & Containers,SMKL.JK,Satyamitra Kemas Lestari Tbk.,PT Satyamitra Kemas Lestari Tbk,753,Medium Risk,Medium Risk,2,0.06471453,0.061304674,0.87398076,0.87398076,0.8092662,0.4242192150918785,False,False,False,False
S755.JK,Company S755in Engineering & Construction,SMKM.JK,Sumber Mas Konstruksi Tbk.,PT Sumber Mas Konstruksi Tbk,754,Low Risk,Low Risk,1,0.047390282,0.89412934,0.0584804,0.89412934,0.83564895,0.3737405431376427,False,False,False,False
S756.JK,Company S756in Specialty Chemicals,SMLE.JK,Sinergi Multi Lestarindo Tbk.,,755,High Risk,High Risk,0,0.89059144,0.043913394,0.065495156,0.89059144,0.8250963,0.38136348827814537,False,False,False,False
S757.JK,Company S757in Insurance - Diversified,SMMA.JK,Sinarmas Multiartha Tbk.,PT Sinar Mas Multiartha Tbk,756,High Risk,High Risk,0,0.8859734,0.03856745,0.07545912,0.8859734,0.8105143,0.38941173433254983,False,False,False,False
S758.JK,Company S758in Thermal Coal,SMMT.JK,Golden Eagle Energy Tbk.,PT Golden Eagle Energy Tbk,757,Low Risk,Low Risk,1,0.046960227,0.89864045,0.054399356,0.89864045,0.8442411,0.3623151723623898,False,False,False,False
S759.JK,Company S759in Real Estate - Development,SMRA.JK,Summarecon Agung Tbk,PT Summarecon Agung Tbk,758,Low Risk,Low Risk,1,0.047438286,0.89402205,0.058539625,0.89402205,0.8354824,0.3740158846528936,False,False,False,False
S760.JK,Company S760in Auto Parts,SMSM.JK,Selamat Sempurna Tbk,PT Selamat Sempurna Tbk,759,High Risk,High Risk,0,0.91476744,0.039794892,0.045437627,0.91476744,0.8693298,0.3188189170897302,False,False,False,False
S761.JK,Company S761in Lodging,SNLK.JK,Sunter Lakeside Hotel Tbk.,PT Sunter Lakeside Hotel Tbk,760,Medium Risk,Medium Risk,2,0.06471453,0.061304674,0.87398076,0.87398076,0.8092662,0.4242192150918785,False,False,False,False
S762.JK,Company S762in Marine Shipping,SOCI.JK,Soechi Lines Tbk.,PT Soechi Lines Tbk,761,Low Risk,Low Risk,1,0.046960227,0.89864045,0.054399356,0.89864045,0.8442411,0.3623151723623898,False,False,False,False
S763.JK,"Company S763in Furnishings, Fixtures & Appliances",SOFA.JK,Boston Furniture Industries Tbk,PT Boston Furniture Industries Tbk,762,Medium Risk,Medium Risk,2,0.06476911,0.060512953,0.87471795,0.87471795,0.80994886,0.42242862717097557,False,False,False,False
S764.JK,Company S764in Medical Distribution,SOHO.JK,Soho Global Health Tbk.,PT Soho Global Health Tbk,763,High Risk,High Risk,0,0.91476744,0.039794892,0.045437627,0.91476744,0.8693298,0.3188189170897302,False,False,False,False
S765.JK,Company S765in Engineering & Construction,SOLA.JK,Xolare RCR Energy Tbk.,,764,Low Risk,Low Risk,1,0.04756721,0.86466,0.08777276,0.86466,0.7768873,0.4407019720120822,False,False,False,False
S766.JK,Company S766in Travel Services,SONA.JK,Sona Topas Tourism Industry Tbk,PT Sona Topas Tourism Industry Tbk,765,High Risk,High Risk,0,0.8740227,0.036087804,0.08988947,0.8740227,0.78413326,0.41335974573038403,False,False,False,False
S767.JK,Company S767in Staffing & Employment Services,SOSS.JK,Shield On Service Tbk.,PT Shield On Service Tbk,766,Low Risk,Low Risk,1,0.06419284,0.82806104,0.10774614,0.82806104,0.7203149,0.5211571968042736,False,False,False,False
S768.JK,Company S768in Lodging,SOTS.JK,Satria Mega Kencana Tbk.,PT Satria Mega Kencana Tbk,767,Medium Risk,Medium Risk,2,0.06471453,0.061304674,0.87398076,0.87398076,0.8092662,0.4242192150918785,False,False,False,False
S769.JK,Company S769in Specialty Business Services,SOUL.JK,Mitra Tirta Buwana Tbk.,PT Mitra Tirta Buwana Tbk,768,Low Risk,Low Risk,1,0.047827486,0.8693912,0.08278133,0.8693912,0.7866099,0.43085152757682144,False,False,False,False
S770.JK,Company S770in Paper & Paper Products,SPMA.JK,Suparma Tbk,PT Suparma Tbk,769,High Risk,High Risk,0,0.89921415,0.039468333,0.061317537,0.89921415,0.8378966,0.3588877266059955,False,False,False,False
S771.JK,"Company S771in Furnishings, Fixtures & Appliances",SPRE.JK,Soraya Berjaya Indonesia Tbk.,,770,Medium Risk,Medium Risk,2,0.061272316,0.057228364,0.8814993,0.8814993,0.82022697,0.4059634758314022,False,False,False,False
S772.JK,"Company S772in Furnishings, Fixtures & Appliances",SPTO.JK,Surya Pertiwi Tbk.,PT Surya Pertiwi Tbk,771,High Risk,High Risk,0,0.91476744,0.039794892,0.045437627,0.91476744,0.8693298,0.3188189170897302,False,False,False,False
S773.JK,Company S773in Gold,SQMI.JK,Wilton Makmur Indonesia Tbk.,PT Wilton Makmur indonesia Tbk.,772,Low Risk,Low Risk,1,0.05569727,0.81253767,0.13176507,0.81253767,0.6807726,0.5430250098361982,False,False,False,False
S774.JK,Company S774in Medical Care Facilities,SRAJ.JK,Sejahteraraya Anugrahjaya Tbk.,PT Sejahteraraya Anugrahjaya Tbk,773,High Risk,High Risk,0,0.7907657,0.060379036,0.14885521,0.7907657,0.6419105,0.5813356213595614,False,False,False,False
S775.JK,Company S775in ,SRIL.JK,"SRIL.JK,0P0000YZ2P,0",PT Sri Rejeki Isman Tbk,774,High Risk,High Risk,0,0.91533905,0.039528023,0.045132916,0.91533905,0.8702061,0.3172227229913187,False,False,False,False
S776.JK,Company S776in Asset Management,SRTG.JK,Saratoga Investama Sedaya Tbk.,PT Saratoga Investama Sedaya Tbk,775,Medium Risk,Medium Risk,2,0.1417479,0.06296372,0.7952884,0.7952884,0.6535405,0.5763652051552899,False,False,False,False
S777.JK,Company S777in Engineering & Construction,SSIA.JK,Surya Semesta Internusa Tbk,PT Surya Semesta Internusa Tbk,776,High Risk,High Risk,0,0.9037592,0.05047229,0.04576849,0.9037592,0.85328686,0.3489290987261218,False,False,False,False
S778.JK,Company S778in Farm Products,SSMS.JK,Sawit Sumbermas Sarana Tbk.,PT Sawit Sumbermas Sarana Tbk.,777,High Risk,High Risk,0,0.85914594,0.09219294,0.04866112,0.85914594,0.766953,0.4526666595030694,False,False,False,False
S779.JK,Company S779in Textile Manufacturing,SSTM.JK,Sunson Textile Manufacture Tbk,PT Sunson Textile Manufacturer Tbk,778,Medium Risk,Medium Risk,2,0.060946975,0.057248205,0.8818049,0.8818049,0.8208579,0.4052223324286269,False,False,False,False
S780.JK,Company S780in Farm Products,STAA.JK,Sumber Tani Agung Resources Tbk,PT Sumber Tani Agung Resources Tbk,779,High Risk,High Risk,0,0.91476744,0.039794892,0.045437627,0.91476744,0.8693298,0.3188189170897302,False,False,False,False
S781.JK,Company S781in Asset Management,STAR.JK,Buana Artha Anugerah Tbk.,PT Buana Artha Anugerah Tbk,780,High Risk,High Risk,0,0.86332077,0.047591966,0.08908724,0.86332077,0.7742335,0.44349461315779815,False,False,False,False
S782.JK,Company S782in Beverages - Brewers,STRK.JK,Lovina Beach Brewery Tbk.,PT Lovina Beach Brewery Tbk,781,Medium Risk,Medium Risk,2,0.061272316,0.057228364,0.8814993,0.8814993,0.82022697,0.4059634758314022,False,False,False,False
S783.JK,Company S783in Packaged Foods,STTP.JK,Siantar Top Tbk.,PT Siantar Top Tbk,782,High Risk,High Risk,0,0.91476744,0.039794892,0.045437627,0.91476744,0.8693298,0.3188189170897302,False,False,False,False
S784.JK,Company S784in Lumber & Wood Production,SULI.JK,SLJ Global Tbk.,PT SLJ Global Tbk,783,Low Risk,Low Risk,1,0.046960227,0.89864045,0.054399356,0.89864045,0.8442411,0.3623151723623898,False,False,False,False
S785.JK,Company S785in Oil & Gas Equipment & Services,SUNI.JK,Sunindo Pratama Tbk.,PT Sunindo Pratama Tbk,784,High Risk,High Risk,0,0.91476744,0.039794892,0.045437627,0.91476744,0.8693298,0.3188189170897302,False,False,False,False
S786.JK,Company S786in Real Estate Services,SUPR.JK,Solusi Tunas Pratama Tbk.,PT Solusi Tunas Pratama Tbk,785,High Risk,High Risk,0,0.8571992,0.038575508,0.10422525,0.8571992,0.7529739,0.449043138035125,False,False,False,False
S787.JK,Company S787in Oil & Gas Integrated,SURE.JK,Super Energy Tbk.,PT Super Energy Tbk,786,Medium Risk,Medium Risk,2,0.06471453,0.061304674,0.87398076,0.87398076,0.8092662,0.4242192150918785,False,False,False,False
S788.JK,Company S788in Medical Instruments & Supplies,SURI.JK,Maja Agung Latexindo Tbk.,,787,High Risk,High Risk,0,0.7078886,0.06677117,0.22534025,0.7078886,0.48254836,0.6927446036600416,False,False,False,False
S789.JK,Company S789in Packaging & Containers,SWAT.JK,Sriwahana Adityakarta Tbk.,PT Sriwahana Adityakarta Tbk,788,Medium Risk,Medium Risk,2,0.06471453,0.061304674,0.87398076,0.87398076,0.8092662,0.4242192150918785,False,False,False,False
S790.JK,Company S790in Real Estate - Development,SWID.JK,Saraswanti Indoland Development,PT Saraswanti Indoland Development Tbk,789,Low Risk,Low Risk,1,0.045744117,0.9058589,0.048396997,0.9058589,0.85746187,0.34337121495000067,False,False,False,False
T791.JK,Company T791in Packaging & Containers,TALF.JK,Tunas Alfin Tbk.,PT Tunas Alfin Tbk,790,Medium Risk,Medium Risk,2,0.062119845,0.05884671,0.87903345,0.87903345,0.8169136,0.41201955142304864,False,False,False,False
T792.JK,Company T792in Real Estate - Development,TAMA.JK,Lancartama Sejati Tbk.,PT Lancartama Sejati Tbk,791,Low Risk,Low Risk,1,0.04500503,0.90738,0.047615048,0.90738,0.85976493,0.3392649913222165,False,False,False,False
T793.JK,Company T793in Marine Shipping,TAMU.JK,Pelayaran Tamarin Samudra Tbk.,PT Pelayaran Tamarin Samudra Tbk,792,Low Risk,Low Risk,1,0.046960227,0.89864045,0.054399356,0.89864045,0.8442411,0.3623151723623898,False,False,False,False
T794.JK,Company T794in Farm Products,TAPG.JK,Triputra Agro Persada Tbk.,PT Triputra Agro Persada Tbk,793,High Risk,High Risk,0,0.91476744,0.039794892,0.045437627,0.91476744,0.8693298,0.3188189170897302,False,False,False,False
T795.JK,Company T795in Real Estate - Diversified,TARA.JK,Agung Semesta Sejahtera Tbk.,PT Agung Semesta Sejahtera Tbk,794,Medium Risk,Medium Risk,2,0.06477955,0.09537504,0.8398454,0.8398454,0.74447036,0.4988077667022245,False,False,False,False
T796.JK,Company T796in Railroads,TAXI.JK,Express Transindo Utama Tbk.,PT Express Transindo Utama Tbk,795,Low Risk,Low Risk,1,0.05612426,0.79035753,0.15351821,0.79035753,0.63683933,0.5782558112206981,False,False,False,False
T797.JK,Company T797in Packaged Foods,TAYS.JK,Jaya Swarasa Agung Tbk.,PT Jaya Swarasa Agung Tbk,796,High Risk,High Risk,0,0.8786266,0.03739904,0.083974406,0.8786266,0.79465216,0.40470379518094013,False,False,False,False
T798.JK,Company T798in Telecom Services,TBIG.JK,Tower Bersama Infrastructure Tb,PT Tower Bersama Infrastructure Tbk,797,Low Risk,Low Risk,1,0.049613323,0.88916296,0.06122367,0.88916296,0.8279393,0.38637733519827083,False,False,False,False
T799.JK,Company T799in Packaged Foods,TBLA.JK,Tunas Baru Lampung Tbk,PT Tunas Baru Lampung Tbk,798,Low Risk,Low Risk,1,0.055545263,0.88156766,0.06288713,0.88156766,0.8186805,0.4056510785023747,False,False,False,False
T800.JK,Company T800in Metal Fabrication,TBMS.JK,Tembaga Mulia Semanan Tbk,PT Tembaga Mulia Semanan Tbk,799,Medium Risk,Medium Risk,2,0.09899191,0.43276218,0.46824586,0.46824586,0.035483688,0.8617185719365713,True,True,True,True
T801.JK,Company T801in Household & Personal Products,TCID.JK,Mandom Indonesia Tbk,PT. Mandom Indonesia Tbk,800,Medium Risk,Medium Risk,2,0.06313564,0.058901973,0.87796235,0.87796235,0.8148267,0.41459742618686884,False,False,False,False
T802.JK,Company T802in Marine Shipping,TCPI.JK,Transcoal Pacific Tbk.,PT Transcoal Pacific Tbk,801,Medium Risk,Medium Risk,2,0.1417479,0.06296372,0.7952884,0.7952884,0.6535405,0.5763652051552899,False,False,False,False
T803.JK,Company T803in Infrastructure Operations,TEBE.JK,Dana Brata Luhur Tbk.,PT Dana Brata Luhur Tbk,802,High Risk,High Risk,0,0.9143243,0.04000179,0.045673877,0.9143243,0.86865044,0.32005380344019824,False,False,False,False
T804.JK,Company T804in Telecom Services,TELE.JK,Omni Inovasi Indonesia Tbk.,PT Omni Inovasi Indonesia Tbk,803,Medium Risk,Medium Risk,2,0.061272316,0.057228364,0.8814993,0.8814993,0.82022697,0.4059634758314022,False,False,False,False
T805.JK,Company T805in Staffing & Employment Services,TFAS.JK,Telefast Indonesia Tbk.,PT Telefast Indonesia Tbk,804,Medium Risk,Medium Risk,2,0.060946975,0.057248205,0.8818049,0.8818049,0.8208579,0.4052223324286269,False,False,False,False
T806.JK,Company T806in Textile Manufacturing,TFCO.JK,Tifico Fiber Indonesia Tbk.,PT Tifico Fiber Indonesia Tbk,805,Low Risk,Low Risk,1,0.047723882,0.89699215,0.055283986,0.89699215,0.8417082,0.3666116122172616,False,False,False,False
T807.JK,Company T807in Food Distribution,TGKA.JK,Tigaraksa Satria Tbk,PT Tigaraksa Satria Tbk,806,High Risk,High Risk,0,0.91476744,0.039794892,0.045437627,0.91476744,0.8693298,0.3188189170897302,False,False,False,False
T808.JK,Company T808in Utilities - Renewable,TGRA.JK,Terregra Asia Energy Tbk.,PT. Terregra Asia Energy Tbk,807,Low Risk,Low Risk,1,0.060037196,0.7662819,0.17368093,0.7662819,0.59260094,0.6161362931809268,False,False,False,False
T809.JK,Company T809in Food Distribution,TGUK.JK,Platinum Wahab Nusantara Tbk.,PT Platinum Wahab Nusantara Tbk,808,Low Risk,Low Risk,1,0.055308104,0.8363653,0.10832669,0.8363653,0.7280386,0.5009275437154987,False,False,False,False
T810.JK,Company T810in Credit Services,TIFA.JK,KDB Tifa Finance Tbk.,PT KDB Tifa Finance Tbk,809,Medium Risk,Medium Risk,2,0.14491902,0.06030631,0.79477465,0.79477465,0.6498556,0.5751247848472739,False,False,False,False
T811.JK,Company T811in Other Industrial Metals & Mining,TINS.JK,Timah Tbk.,PT TIMAH Tbk,810,High Risk,High Risk,0,0.9143243,0.04000179,0.045673877,0.9143243,0.86865044,0.32005380344019824,False,False,False,False
T812.JK,Company T812in Industrial Distribution,TIRA.JK,Tira Austenite Tbk,PT Tira Austenite Tbk,811,Medium Risk,Medium Risk,2,0.064251386,0.1285469,0.8072017,0.8072017,0.6786548,0.5579437455680483,False,False,False,False
T813.JK,Company T813in Lumber & Wood Production,TIRT.JK,Tirta Mahakam Resources Tbk,PT Tirta Mahakam Resources Tbk,812,Medium Risk,Medium Risk,2,0.06929906,0.20115285,0.7295481,0.7295481,0.52839524,0.6714077792802866,False,False,False,False
T814.JK,Company T814in Paper & Paper Products,TKIM.JK,Pabrik Kertas Tjiwi Kimia Tbk,PT Pabrik Kertas Tjiwi Kimia Tbk,813,Low Risk,Low Risk,1,0.046960227,0.89864045,0.054399356,0.89864045,0.8442411,0.3623151723623898,False,False,False,False
T815.JK,Company T815in Farm Products,TLDN.JK,Teladan Prima Agro Tbk.,PT Teladan Prima Agro Tbk,814,High Risk,High Risk,0,0.91476744,0.039794892,0.045437627,0.91476744,0.8693298,0.3188189170897302,False,False,False,False
T816.JK,Company T816in Telecom Services,TLKM.JK,Telkom Indonesia (Persero) Tbk.,Perusahaan Perseroan (Persero) PT Telekomunikasi Indonesia Tbk,815,High Risk,High Risk,0,0.9143243,0.04000179,0.045673877,0.9143243,0.86865044,0.32005380344019824,False,False,False,False
T817.JK,Company T817in Marine Shipping,TMAS.JK,Temas Tbk.,PT Temas Tbk.,816,High Risk,High Risk,0,0.91476744,0.039794892,0.045437627,0.91476744,0.8693298,0.3188189170897302,False,False,False,False
T818.JK,Company T818in Publishing,TMPO.JK,Tempo Intimedia Tbk.,PT Tempo Inti Media Tbk,817,Medium Risk,Medium Risk,2,0.070087425,0.060703903,0.8692087,0.8692087,0.79912126,0.43528455309960334,False,False,False,False
A819.JK,Company A819in Engineering & Construction,ACST.JK,Acset Indonusa Tbk.,PT Acset Indonusa Tbk,818,Medium Risk,Medium Risk,2,0.061272316,0.057228364,0.8814993,0.8814993,0.82022697,0.4059634758314022,False,False,False,False
T820.JK,Company T820in Integrated Freight & Logistics,TNCA.JK,Trimuda Nuansa Citra Tbk.,PT Trimuda Nuansa Citra Tbk,819,Medium Risk,Medium Risk,2,0.08299574,0.40800703,0.50899726,0.50899726,0.100990236,0.8338449500940603,True,True,True,True
T821.JK,Company T821in Thermal Coal,TOBA.JK,TBS Energi Utama Tbk.,PT TBS Energi Utama Tbk,820,Low Risk,Low Risk,1,0.046960227,0.89864045,0.054399356,0.89864045,0.8442411,0.3623151723623898,False,False,False,False
T822.JK,"Company T822in Furnishings, Fixtures & Appliances",TOOL.JK,Rohartindo Nusantara Luas Tbk.,PT Rohartindo Nusantara Luas Tbk,821,Medium Risk,Medium Risk,2,0.06471453,0.061304674,0.87398076,0.87398076,0.8092662,0.4242192150918785,False,False,False,False
T823.JK,Company T823in Engineering & Construction,TOPS.JK,Totalindo Eka Persada Tbk.,PT Totalindo Eka Persada Tbk,822,Low Risk,Low Risk,1,0.047598124,0.89462847,0.05777344,0.89462847,0.83685505,0.3725369073709746,False,False,False,False
T824.JK,Company T824in Software - Application,TOSK.JK,Topindo Solusi Komunika Tbk.,,823,High Risk,High Risk,0,0.8459533,0.041412715,0.11263403,0.8459533,0.7333193,0.472718629150968,False,False,False,False
T825.JK,Company T825in Engineering & Construction,TOTL.JK,Total Bangun Persada Tbk,PT Total Bangun Persada Tbk,824,High Risk,High Risk,0,0.91476744,0.039794892,0.045437627,0.91476744,0.8693298,0.3188189170897302,False,False,False,False
T826.JK,Company T826in Building Products & Equipment,TOTO.JK,Surya Toto Indonesia Tbk,PT Surya Toto Indonesia Tbk,825,High Risk,High Risk,0,0.91476744,0.039794892,0.045437627,0.91476744,0.8693298,0.3188189170897302,False,False,False,False
T827.JK,Company T827in Telecom Services,TOWR.JK,Sarana Menara Nusantara Tbk.,PT Sarana Menara Nusantara Tbk.,826,Low Risk,Low Risk,1,0.05836654,0.87829316,0.063340314,0.87829316,0.81495285,0.413768471898885,False,False,False,False
T828.JK,Company T828in Leisure,TOYS.JK,Sunindo Adipersada Tbk.,PT Sunindo Adipersada Tbk,827,Medium Risk,Medium Risk,2,0.06471453,0.061304674,0.87398076,0.87398076,0.8092662,0.4242192150918785,False,False,False,False
T829.JK,Company T829in Specialty Chemicals,TPIA.JK,Chandra Asri Pacific Tbk.,PT Chandra Asri Pacific Tbk,828,Low Risk,Low Risk,1,0.046960227,0.89864045,0.054399356,0.89864045,0.8442411,0.3623151723623898,False,False,False,False
T830.JK,Company T830in Marine Shipping,TPMA.JK,Trans Power Marine Tbk.,PT Trans Power Marine Tbk,829,Low Risk,Low Risk,1,0.046960227,0.89864045,0.054399356,0.89864045,0.8442411,0.3623151723623898,False,False,False,False
T831.JK,Company T831in Packaged Foods,TRGU.JK,Cerestar Indonesia Tbk.,PT Cerestar Indonesia Tbk,830,Low Risk,Low Risk,1,0.055861175,0.81492877,0.12921004,0.81492877,0.6857187,0.5391679499342839,False,False,False,False
T832.JK,Company T832in Capital Markets,TRIM.JK,Trimegah Sekuritas Indonesia Tb,PT Trimegah Sekuritas Indonesia Tbk,831,High Risk,High Risk,0,0.8788774,0.037900124,0.083222464,0.8788774,0.79565495,0.4045304792261679,False,False,False,False
T833.JK,Company T833in Real Estate - Development,TRIN.JK,Perintis Triniti Properti Tbk.,PT Perintis Triniti Properti Tbk,832,Medium Risk,Medium Risk,2,0.06471453,0.061304674,0.87398076,0.87398076,0.8092662,0.4242192150918785,False,False,False,False
T834.JK,Company T834in Apparel Manufacturing,TRIS.JK,Trisula International Tbk.,PT Trisula International Tbk,833,Medium Risk,Medium Risk,2,0.061272316,0.057228364,0.8814993,0.8814993,0.82022697,0.4059634758314022,False,False,False,False
T835.JK,Company T835in Rental & Leasing Services,TRJA.JK,Transkon Jaya Tbk.,PT Transkon Jaya Tbk,834,Low Risk,Low Risk,1,0.04496932,0.90666,0.04837067,0.90666,0.85828936,0.34118890964188375,False,False,False,False
T836.JK,Company T836in Information Technology Services,TRON.JK,Teknologi Karya Digital Nusa Tb,PT Teknologi Karya Digital Nusa Tbk,835,High Risk,High Risk,0,0.8705662,0.03707797,0.09235581,0.8705662,0.7782104,0.4212895271151234,False,False,False,False
T837.JK,Company T837in Packaging & Containers,TRST.JK,Trias Sentosa Tbk,PT Trias Sentosa Tbk,836,Medium Risk,Medium Risk,2,0.06693907,0.0985545,0.83450645,0.83450645,0.73595196,0.5100444675032341,False,False,False,False
T838.JK,Company T838in Real Estate - Development,TRUE.JK,Triniti Dinamik Tbk.,PT Triniti Dinamik Tbk,837,Low Risk,Low Risk,1,0.046433516,0.8883019,0.065264545,0.8883019,0.8230374,0.3876519358323179,False,False,False,False
T839.JK,Company T839in Trucking,TRUK.JK,Guna Timur Raya Tbk.,PT Guna Timur Raya Tbk,838,Low Risk,Low Risk,1,0.048157,0.8924165,0.059426557,0.8924165,0.83298993,0.37812525504085204,False,False,False,False
T840.JK,Company T840in Credit Services,TRUS.JK,Trust Finance Indonesia Tbk,PT Trust Finance Indonesia Tbk,839,High Risk,High Risk,0,0.8622459,0.036329936,0.10142416,0.8622459,0.76082176,0.43722333714836986,False,False,False,False
T841.JK,Company T841in Drug Manufacturers - Specialty & Generic,TSPC.JK,Tempo Scan Pacific Tbk,PT Tempo Scan Pacific Tbk,840,High Risk,High Risk,0,0.91476744,0.039794892,0.045437627,0.91476744,0.8693298,0.3188189170897302,False,False,False,False
T842.JK,Company T842in Insurance - Diversified,TUGU.JK,Asuransi Tugu Pratama Indonesia,PT Asuransi Tugu Pratama Indonesia Tbk,841,Medium Risk,Medium Risk,2,0.38431332,0.07350577,0.5421809,0.5421809,0.15786758,0.8112922284338546,True,False,True,True
T843.JK,Company T843in Auto Parts,TYRE.JK,King Tire Indonesia Tbk.,PT King Tire Indonesia Tbk,842,Medium Risk,Medium Risk,2,0.061272316,0.057228364,0.8814993,0.8814993,0.82022697,0.4059634758314022,False,False,False,False
U844.JK,Company U844in Leisure,UANG.JK,Pakuan Tbk.,PT Pakuan Tbk,843,Medium Risk,Medium Risk,2,0.062171247,0.058067963,0.8797608,0.8797608,0.8175896,0.41022180191002494,False,False,False,False
U845.JK,Company U845in Household & Personal Products,UCID.JK,Uni-Charm Indonesia Tbk.,PT Uni-Charm Indonesia Tbk,844,High Risk,High Risk,0,0.91476744,0.039794892,0.045437627,0.91476744,0.8693298,0.3188189170897302,False,False,False,False
U846.JK,Company U846in Farm Products,UDNG.JK,Agro Bahari Nusantara Tbk.,,845,Low Risk,Low Risk,1,0.06681168,0.7899631,0.14322522,0.7899631,0.64673793,0.5874391424990083,False,False,False,False
U847.JK,Company U847in Department Stores,UFOE.JK,Damai Sejahtera Abadi Tbk.,PT Damai Sejahtera Abadi Tbk,846,Medium Risk,Medium Risk,2,0.061272316,0.057228364,0.8814993,0.8814993,0.82022697,0.4059634758314022,False,False,False,False
U848.JK,Company U848in Beverages - Non-Alcoholic,ULTJ.JK,Ultrajaya Milk Industry & Tradi,PT Ultrajaya Milk Industry & Trading Company Tbk,847,High Risk,High Risk,0,0.91476744,0.039794892,0.045437627,0.91476744,0.8693298,0.3188189170897302,False,False,False,False
U849.JK,Company U849in Thermal Coal,UNIQ.JK,Ulima Nitra Tbk.,PT Ulima Nitra Tbk,848,High Risk,High Risk,0,0.8486139,0.08689298,0.06449314,0.8486139,0.76172096,0.48094805806058044,False,False,False,False
U850.JK,Company U850in Farm Products,UNSP.JK,Bakrie Sumatera Plantations Tbk,PT Bakrie Sumatera Plantations Tbk,849,Low Risk,Low Risk,1,0.120814174,0.77596897,0.103216834,0.77596897,0.6551548,0.6249314336135975,False,False,False,False
U851.JK,Company U851in Auto Manufacturers,UNTD.JK,Terang Dunia Internusa Tbk.,,850,Low Risk,Low Risk,1,0.06413449,0.80131197,0.13455357,0.80131197,0.6667584,0.567574242318023,False,False,False,False
U852.JK,Company U852in Other Industrial Metals & Mining,UNTR.JK,United Tractors Tbk,PT United Tractors Tbk,851,High Risk,High Risk,0,0.91476744,0.039794892,0.045437627,0.91476744,0.8693298,0.3188189170897302,False,False,False,False
U853.JK,Company U853in Household & Personal Products,UNVR.JK,Unilever Indonesia Tbk,PT Unilever Indonesia Tbk,852,High Risk,High Risk,0,0.91476744,0.039794892,0.045437627,0.91476744,0.8693298,0.3188189170897302,False,False,False,False
U854.JK,Company U854in Real Estate - Development,URBN.JK,Urban Jakarta Propertindo Tbk.,PT Urban Jakarta Propertindo Tbk.,853,Low Risk,Low Risk,1,0.055995256,0.8159602,0.12804455,0.8159602,0.6879157,0.5375357579845681,False,False,False,False
U855.JK,Company U855in Software - Application,UVCR.JK,Trimegah Karya Pratama Tbk.,PT Trimegah Karya Pratama Tbk,854,Medium Risk,Medium Risk,2,0.14421776,0.060355768,0.7954265,0.7954265,0.65120876,0.5741526529713596,False,False,False,False
V856.JK,Company V856in Real Estate Services,VAST.JK,Vastland Indonesia Tbk.,PT Vastland Indonesia Tbk,855,Low Risk,Low Risk,1,0.048867535,0.87151533,0.07961715,0.87151533,0.7918982,0.4267558293192754,False,False,False,False
V857.JK,Company V857in Entertainment,VERN.JK,Verona Indah Pictures Tbk.,,856,Medium Risk,Medium Risk,2,0.063280635,0.05937296,0.8773464,0.8773464,0.81406575,0.4161010350053246,False,False,False,False
V858.JK,Company V858in Household & Personal Products,VICI.JK,Victoria Care Indonesia Tbk.,PT Victoria Care Indonesia Tbk,857,High Risk,High Risk,0,0.91476744,0.039794892,0.045437627,0.91476744,0.8693298,0.3188189170897302,False,False,False,False
V859.JK,Company V859in Asset Management,VICO.JK,Victoria Investama Tbk.,PT Victoria Investama Tbk,858,High Risk,High Risk,0,0.88122916,0.03800154,0.08076931,0.88122916,0.80045986,0.39952108117387514,False,False,False,False
V860.JK,Company V860in Insurance - Property & Casualty,VINS.JK,Victoria Insurance Tbk.,PT Victoria Insurance Tbk,859,Medium Risk,Medium Risk,2,0.16370739,0.06094842,0.7753442,0.7753442,0.6116368,0.6044526981806814,False,False,False,False
V861.JK,Company V861in Industrial Distribution,VISI.JK,Satu Visi Putra Tbk.,,860,Medium Risk,Medium Risk,2,0.07148049,0.06638283,0.86213666,0.86213666,0.79065615,0.451962056496456,False,False,False,False
V862.JK,Company V862in Broadcasting,VIVA.JK,Visi Media Asia Tbk.,PT Visi Media Asia Tbk,861,High Risk,High Risk,0,0.85529214,0.038039364,0.10666844,0.85529214,0.7486237,0.45218455414257297,False,False,False,False
V863.JK,Company V863in Recreational Vehicles,VKTR.JK,VKTR Teknologi Mobilitas Tbk.,PT VKTR Teknologi Mobilitas Tbk,862,Medium Risk,Medium Risk,2,0.060946975,0.057248205,0.8818049,0.8818049,0.8208579,0.4052223324286269,False,False,False,False
V864.JK,Company V864in Electrical Equipment & Parts,VOKS.JK,Voksel Electric Tbk,PT Voksel Electric Tbk,863,Low Risk,Low Risk,1,0.06419284,0.82806104,0.10774614,0.82806104,0.7203149,0.5211571968042736,False,False,False,False
V865.JK,Company V865in Credit Services,VRNA.JK,Mizuho Leasing Indonesia Tbk.,PT Mizuho Leasing Indonesia Tbk,864,High Risk,High Risk,0,0.84290904,0.0410047,0.11608625,0.84290904,0.7268228,0.47787964136372757,False,False,False,False
V866.JK,Company V866in Staffing & Employment Services,VTNY.JK,Venteny Fortuna International T,PT Venteny Fortuna International Tbk,865,High Risk,High Risk,0,0.849147,0.06036605,0.09048688,0.849147,0.75866014,0.47853243133643664,False,False,False,False
W867.JK,Company W867in Packaged Foods,WAPO.JK,Wahana Pronatural Tbk.,PT Wahana Pronatural Tbk,866,High Risk,High Risk,0,0.880257,0.03746844,0.082274556,0.880257,0.79798245,0.4012532370136105,False,False,False,False
W868.JK,Company W868in Engineering & Construction,WEGE.JK,Wijaya Karya Bangunan Gedung Tb,PT Wijaya Karya Bangunan Gedung Tbk,867,High Risk,High Risk,0,0.6647052,0.20254011,0.13275462,0.6647052,0.46216512,0.7854982895396385,False,False,False,False
W869.JK,Company W869in Railroads,WEHA.JK,WEHA Transportasi Indonesia Tbk,PT WEHA Transportasi Indonesia Tbk,868,High Risk,High Risk,0,0.8794189,0.037218332,0.08336273,0.8794189,0.79605615,0.40287463232065923,False,False,False,False
W870.JK,Company W870in Software - Infrastructure,WGSH.JK,Wira Global Solusi Tbk.,PT Wira Global Solusi Tbk,869,High Risk,High Risk,0,0.8806565,0.03769861,0.08164486,0.8806565,0.7990116,0.40055321851104414,False,False,False,False
W871.JK,Company W871in Food Distribution,WICO.JK,Wicaksana Overseas Internationa,Pt Wicaksana Overseas International Tbk,870,High Risk,High Risk,0,0.8125352,0.0948194,0.09264538,0.8125352,0.71771586,0.5574796526968254,False,False,False,False
W872.JK,Company W872in Rental & Leasing Services,WIDI.JK,Widiant Jaya Krenindo Tbk.,PT Widiant Jaya Krenindo Tbk,871,Low Risk,Low Risk,1,0.047836848,0.85882276,0.09334044,0.85882276,0.7654823,0.4528309420859619,False,False,False,False
W873.JK,Company W873in Information Technology Services,WIFI.JK,Solusi Sinergi Digital Tbk.,PT Solusi Sinergi Digital Tbk,872,Low Risk,Low Risk,1,0.054245014,0.8346879,0.111067116,0.8346879,0.7236208,0.5033554862079109,False,False,False,False
W874.JK,Company W874in Tobacco,WIIM.JK,Wismilak Inti Makmur Tbk.,PT Wismilak Inti Makmur Tbk,873,High Risk,High Risk,0,0.91476744,0.039794892,0.045437627,0.91476744,0.8693298,0.3188189170897302,False,False,False,False
W875.JK,Company W875in Engineering & Construction,WIKA.JK,Wijaya Karya (Persero) Tbk,PT Wijaya Karya (Persero) Tbk,874,Low Risk,Low Risk,1,0.055995256,0.8159602,0.12804455,0.8159602,0.6879157,0.5375357579845681,False,False,False,False
W876.JK,Company W876in Beverages - Wineries & Distilleries,WINE.JK,Hatten Bali Tbk.,PT HATTEN BALI Tbk,875,Low Risk,Low Risk,1,0.1265203,0.7739612,0.09951852,0.7739612,0.6474409,0.6276164338595581,False,False,False,False
W877.JK,Company W877in Real Estate - Development,WINR.JK,Winner Nusantara Jaya Tbk.,PT Winner Nusantara Jaya Tbk,876,Low Risk,Low Risk,1,0.044526007,0.91051435,0.044959575,0.91051435,0.8655548,0.33075520235742006,False,False,False,False
W878.JK,Company W878in Marine Shipping,WINS.JK,Wintermar Offshore Marine Tbk.,PT Wintermar Offshore Marine Tbk,877,Low Risk,Low Risk,1,0.046960227,0.89864045,0.054399356,0.89864045,0.8442411,0.3623151723623898,False,False,False,False
W879.JK,Company W879in Information Technology Services,WIRG.JK,WIR ASIA Tbk.,PT WIR ASIA Tbk,878,Medium Risk,Medium Risk,2,0.3256575,0.06176593,0.6125766,0.6125766,0.28691912,0.7623724234918249,False,False,False,False
W880.JK,Company W880in Farm Products,WMUU.JK,Widodo Makmur Unggas Tbk.,PT Widodo Makmur Unggas Tbk,879,Medium Risk,Medium Risk,2,0.062171247,0.058067963,0.8797608,0.8797608,0.8175896,0.41022180191002494,False,False,False,False
W881.JK,Company W881in Credit Services,WOMF.JK,Wahana Ottomitra Multiartha Tbk,PT Wahana Ottomitra Multiartha Tbk,880,High Risk,High Risk,0,0.91476744,0.039794892,0.045437627,0.91476744,0.8693298,0.3188189170897302,False,False,False,False
W882.JK,"Company W882in Furnishings, Fixtures & Appliances",WOOD.JK,Integra Indocabinet Tbk.,PT Integra Indocabinet Tbk,881,Low Risk,Low Risk,1,0.12706305,0.7993152,0.07362169,0.7993152,0.6722522,0.5764109416867886,False,False,False,False
W883.JK,Company W883in Oil & Gas Equipment & Services,WOWS.JK,Ginting Jaya Energi Tbk.,PT Ginting Jaya Energi Tbk,882,High Risk,High Risk,0,0.8772816,0.037102792,0.085615575,0.8772816,0.79166603,0.40734343867680234,False,False,False,False
W884.JK,Company W884in Building Materials,WSBP.JK,Waskita Beton Precast Tbk.,PT Waskita Beton Precast Tbk,883,Medium Risk,Medium Risk,2,0.061272316,0.057228364,0.8814993,0.8814993,0.82022697,0.4059634758314022,False,False,False,False
W885.JK,Company W885in ,WSKT.JK,"WSKT.JK,0P0000XQCT,0",PT Waskita Karya (Persero) Tbk,884,High Risk,High Risk,0,0.91476744,0.039794892,0.045437627,0.91476744,0.8693298,0.3188189170897302,False,False,False,False
W886.JK,Company W886in Building Materials,WTON.JK,Wijaya Karya Beton Tbk.,PT Wijaya Karya Beton Tbk,885,Medium Risk,Medium Risk,2,0.07576959,0.0611501,0.8630803,0.8630803,0.7873107,0.44916274204899115,False,False,False,False
Y887.JK,Company Y887in Travel Services,YELO.JK,Yelooo Integra Datanet Tbk.,PT Yelooo Integra Datanet Tbk,886,Medium Risk,Medium Risk,2,0.06470508,0.07171556,0.8635794,0.8635794,0.7918638,0.44855829282309756,False,False,False,False
Y888.JK,Company Y888in Insurance - Diversified,YOII.JK,Asuransi Digital Bersama Tbk.,,887,High Risk,High Risk,0,0.86292815,0.03687983,0.10019207,0.86292815,0.7627361,0.436397366857103,False,False,False,False
Y889.JK,Company Y889in Packaging & Containers,YPAS.JK,Yanaprima Hastapersada Tbk,PT Yanaprima Hastapersada Tbk,888,Medium Risk,Medium Risk,2,0.061272316,0.057228364,0.8814993,0.8814993,0.82022697,0.4059634758314022,False,False,False,False
Y890.JK,Company Y890in Capital Markets,YULE.JK,Yulie Sekuritas Indonesia Tbk.,PT Yulie Sekuritas Indonesia Tbk,889,Medium Risk,Medium Risk,2,0.13095216,0.05843502,0.8106128,0.8106128,0.6796606,0.5482934459307698,False,False,False,False
F891.JK,Company F891in ,,,,890,High Risk,High Risk,0,0.90230995,0.048156686,0.049533356,0.90230995,0.8527766,0.35288294863063857,False,False,False,False
Z892.JK,Company Z892in Apparel Retail,ZATA.JK,Bersama Zatta Jaya Tbk.,PT Bersama Zatta Jaya Tbk,891,Medium Risk,Medium Risk,2,0.061272316,0.057228364,0.8814993,0.8814993,0.82022697,0.4059634758314022,False,False,False,False
Z893.JK,Company Z893in Medical Distribution,ZBRA.JK,Dosni Roha Indonesia Tbk.,PT Dosni Roha Indonesia Tbk,892,Low Risk,Low Risk,1,0.1314689,0.7301595,0.13837157,0.7301595,0.59178793,0.7009306289810431,False,False,False,False
Z894.JK,Company Z894in Other Industrial Metals & Mining,ZINC.JK,Kapuas Prima Coal Tbk.,PT Kapuas Prima Coal Tbk,893,Medium Risk,Medium Risk,2,0.062119845,0.05884671,0.87903345,0.87903345,0.8169136,0.41201955142304864,False,False,False,False
Z895.JK,Company Z895in Apparel Retail,ZONE.JK,Mega Perintis Tbk.,PT Mega Perintis Tbk,894,Medium Risk,Medium Risk,2,0.061272316,0.057228364,0.8814993,0.8814993,0.82022697,0.4059634758314022,False,False,False,False
Z896.JK,Company Z896in Computer Hardware,ZYRX.JK,Zyrexindo Mandiri Buana Tbk.,PT Zyrexindo Mandiri Buana Tbk,895,High Risk,High Risk,0,0.8688304,0.04532932,0.08584028,0.8688304,0.7829901,0.43069302309666274,False,False,False,False
A897.JK,Company A897in ,ARMY.JK,"ARMY.JK,0P0001AP00,0",PT Armidian Karyatama Tbk,896,High Risk,High Risk,0,0.91533905,0.039528023,0.045132916,0.91533905,0.8702061,0.3172227229913187,False,False,False,False
B898.JK,Company B898in ,BOSS.JK,"BOSS.JK,0P0001CQ56,0",PT. Borneo Olah Sarana Sukses Tbk,897,High Risk,High Risk,0,0.91533905,0.039528023,0.045132916,0.91533905,0.8702061,0.3172227229913187,False,False,False,False
B899.JK,Company B899in ,BTEL.JK,"BTEL.JK,0P0000BGUU,0",PT Bakrie Telecom Tbk,898,High Risk,High Risk,0,0.91533905,0.039528023,0.045132916,0.91533905,0.8702061,0.3172227229913187,False,False,False,False
C900.JK,Company C900in ,CBMF.JK,"CBMF.JK,0P0001JLXG,0",PT Cahaya Bintang Medan Tbk,899,High Risk,High Risk,0,0.91533905,0.039528023,0.045132916,0.91533905,0.8702061,0.3172227229913187,False,False,False,False
C901.JK,Company C901in ,CNTB.JK,"CNTB.JK,0P0000C4JO,0",PT Century Textile Industry Tbk,900,High Risk,High Risk,0,0.91533905,0.039528023,0.045132916,0.91533905,0.8702061,0.3172227229913187,False,False,False,False
C902.JK,Company C902in ,COWL.JK,"COWL.JK,0P0000D53W,0",PT Cowell Development Tbk,901,High Risk,High Risk,0,0.91533905,0.039528023,0.045132916,0.91533905,0.8702061,0.3172227229913187,False,False,False,False
C903.JK,Company C903in ,CPRI.JK,"CPRI.JK,0P0001H7PD,0",PT Capri Nusa Satu Properti Tbk,902,High Risk,High Risk,0,0.91533905,0.039528023,0.045132916,0.91533905,0.8702061,0.3172227229913187,False,False,False,False
D904.JK,Company D904in ,DEAL.JK,"DEAL.JK,0P0001EXWI,0",PT Dewata Freightinternational Tbk,903,High Risk,High Risk,0,0.91533905,0.039528023,0.045132916,0.91533905,0.8702061,0.3172227229913187,False,False,False,False
D905.JK,Company D905in ,DUCK.JK,"DUCK.JK,0P0001EQP8,0",PT Jaya Bersama Indo Tbk,904,High Risk,High Risk,0,0.91533905,0.039528023,0.045132916,0.91533905,0.8702061,0.3172227229913187,False,False,False,False
E906.JK,Company E906in ,ENVY.JK,"ENVY.JK,0P0001HYU3,0",PT Envy Technologies Indonesia Tbk,905,High Risk,High Risk,0,0.91476744,0.039794892,0.045437627,0.91476744,0.8693298,0.3188189170897302,False,False,False,False
F907.JK,Company F907in ,FORZ.JK,"FORZ.JK,0P0001ACRN,0",PT Forza Land Indonesia Tbk,906,High Risk,High Risk,0,0.91533905,0.039528023,0.045132916,0.91533905,0.8702061,0.3172227229913187,False,False,False,False
G908.JK,Company G908in ,GAMA.JK,"GAMA.JK,0P0000WGD9,0",PT Aksara Global Development Tbk,907,High Risk,High Risk,0,0.91533905,0.039528023,0.045132916,0.91533905,0.8702061,0.3172227229913187,False,False,False,False
G909.JK,Company G909in ,GOLL.JK,"GOLL.JK,0P000154MR,0",PT Golden Plantation Tbk,908,High Risk,High Risk,0,0.91533905,0.039528023,0.045132916,0.91533905,0.8702061,0.3172227229913187,False,False,False,False
G910.JK,Company G910in ,GOTOM.JK,,,909,High Risk,High Risk,0,0.90230995,0.048156686,0.049533356,0.90230995,0.8527766,0.35288294863063857,False,False,False,False
H911.JK,Company H911in ,HDTX.JK,"HDTX.JK,0P0000B9YK,0",,910,High Risk,High Risk,0,0.91476744,0.039794892,0.045437627,0.91476744,0.8693298,0.3188189170897302,False,False,False,False
H912.JK,Company H912in ,HKMU.JK,"HKMU.JK,0P0001EQEZ,0",PT HK Metals Utama Tbk,911,High Risk,High Risk,0,0.91533905,0.039528023,0.045132916,0.91533905,0.8702061,0.3172227229913187,False,False,False,False
H913.JK,Company H913in ,HOME.JK,"HOME.JK,0P0000JDAY,0",PT Hotel Mandarine Regency Tbk,912,High Risk,High Risk,0,0.91533905,0.039528023,0.045132916,0.91533905,0.8702061,0.3172227229913187,False,False,False,False
H914.JK,Company H914in ,HOTL.JK,"HOTL.JK,0P0000XUPX,0",PT. Saraswati Griya Lestari Tbk,913,High Risk,High Risk,0,0.91533905,0.039528023,0.045132916,0.91533905,0.8702061,0.3172227229913187,False,False,False,False
I915.JK,Company I915in ,IIKP.JK,"IIKP.JK,0P0000EKWR,0",PT Inti Agri Resources Tbk,914,High Risk,High Risk,0,0.88558674,0.03797351,0.07643977,0.88558674,0.809147,0.3899057756799143,False,False,False,False
J916.JK,Company J916in ,JKSW.JK,"JKSW.JK,0P0000APEN,0","PT Jakarta Kyoei Steel Works, Tbk",915,High Risk,High Risk,0,0.91533905,0.039528023,0.045132916,0.91533905,0.8702061,0.3172227229913187,False,False,False,False
J917.JK,Company J917in ,JSKY.JK,"JSKY.JK,0P0001D26O,0",PT Sky Energy Indonesia Tbk,916,High Risk,High Risk,0,0.91533905,0.039528023,0.045132916,0.91533905,0.8702061,0.3172227229913187,False,False,False,False
K918.JK,Company K918in ,KAYU.JK,"KAYU.JK,0P0001HX07,0",PT Darmi Bersaudara Tbk,917,High Risk,High Risk,0,0.91533905,0.039528023,0.045132916,0.91533905,0.8702061,0.3172227229913187,False,False,False,False
K919.JK,Company K919in ,KBRI.JK,"KBRI.JK,0P0000JDAP,0",PT Kertas Basuki Rachmat Indonesia Tbk,918,High Risk,High Risk,0,0.91533905,0.039528023,0.045132916,0.91533905,0.8702061,0.3172227229913187,False,False,False,False
K920.JK,Company K920in ,KPAL.JK,"KPAL.JK,0P0001DHW9,0",PT Steadfast Marine Tbk,919,High Risk,High Risk,0,0.91533905,0.039528023,0.045132916,0.91533905,0.8702061,0.3172227229913187,False,False,False,False
K921.JK,Company K921in ,KPAS.JK,"KPAS.JK,0P0001EPRC,0",PT Cottonindo Ariesta Tbk,920,High Risk,High Risk,0,0.91533905,0.039528023,0.045132916,0.91533905,0.8702061,0.3172227229913187,False,False,False,False
K922.JK,Company K922in ,KRAH.JK,"KRAH.JK,0P0000ZXDW,0",PT Grand Kartech Tbk,921,High Risk,High Risk,0,0.91533905,0.039528023,0.045132916,0.91533905,0.8702061,0.3172227229913187,False,False,False,False
L923.JK,Company L923in ,LAPD.JK,Leyand International Tbk,PT Leyand International Tbk,922,High Risk,High Risk,0,0.91476744,0.039794892,0.045437627,0.91476744,0.8693298,0.3188189170897302,False,False,False,False
L924.JK,Company L924in ,LCGP.JK,"LCGP.JK,0P0000EOLE,0",PT Eureka Prima Jakarta Tbk,923,High Risk,High Risk,0,0.91533905,0.039528023,0.045132916,0.91533905,0.8702061,0.3172227229913187,False,False,False,False
L925.JK,Company L925in ,LMAS.JK,"LMAS.JK,0P0000B77G,0",PT Limas Indonesia Makmur Tbk,924,High Risk,High Risk,0,0.91533905,0.039528023,0.045132916,0.91533905,0.8702061,0.3172227229913187,False,False,False,False
M926.JK,Company M926in ,MABA.JK,"MABA.JK,0P0001B2S6,0",PT Marga Abhinaya Abadi Tbk,925,High Risk,High Risk,0,0.91533905,0.039528023,0.045132916,0.91533905,0.8702061,0.3172227229913187,False,False,False,False
M927.JK,Company M927in ,MAGP.JK,"MAGP.JK,0P0000XUPW,0",PT Multi Agro Gemilang Plantation Tbk,926,High Risk,High Risk,0,0.91533905,0.039528023,0.045132916,0.91533905,0.8702061,0.3172227229913187,False,False,False,False
M928.JK,Company M928in ,MAMI.JK,"MAMI.JK,0P0000AH0T,0","PT Mas Murni Indonesia, Tbk",927,High Risk,High Risk,0,0.91533905,0.039528023,0.045132916,0.91533905,0.8702061,0.3172227229913187,False,False,False,False
M929.JK,Company M929in ,MAMIP.JK,"MAMIP.JK,0P0000EGJN,0",,928,High Risk,High Risk,0,0.91533905,0.039528023,0.045132916,0.91533905,0.8702061,0.3172227229913187,False,False,False,False
M930.JK,Company M930in ,META.JK,"META.JK,0P0000ENQT,0",PT Nusantara Infrastructure Tbk,929,High Risk,High Risk,0,0.91476744,0.039794892,0.045437627,0.91476744,0.8693298,0.3188189170897302,False,False,False,False
M931.JK,Company M931in ,MTRA.JK,"MTRA.JK,0P00017FWO,0",PT Mitra Pemuda Tbk,930,High Risk,High Risk,0,0.91533905,0.039528023,0.045132916,0.91533905,0.8702061,0.3172227229913187,False,False,False,False
M932.JK,Company M932in ,MYRX.JK,"MYRX.JK,0P0000C5DS,0",PT Hanson International Tbk,931,High Risk,High Risk,0,0.91533905,0.039528023,0.045132916,0.91533905,0.8702061,0.3172227229913187,False,False,False,False
M933.JK,Company M933in ,MYRXP.JK,"MYRXP.JK,0P0000EGT4,0",PT Hanson International Tbk,932,High Risk,High Risk,0,0.91533905,0.039528023,0.045132916,0.91533905,0.8702061,0.3172227229913187,False,False,False,False
N934.JK,Company N934in ,NIPS.JK,"NIPS.JK,0P0000BS4W,0",PT Nipress Tbk,933,High Risk,High Risk,0,0.91533905,0.039528023,0.045132916,0.91533905,0.8702061,0.3172227229913187,False,False,False,False
N935.JK,Company N935in ,NUSA.JK,"NUSA.JK,0P0001DYYE,0",PT Sinergi Megah Internusa Tbk,934,High Risk,High Risk,0,0.91533905,0.039528023,0.045132916,0.91533905,0.8702061,0.3172227229913187,False,False,False,False
O936.JK,Company O936in ,OCAP.JK,"OCAP.JK,0P0000EKZ2,0",PT Onix Capital Tbk,935,High Risk,High Risk,0,0.91533905,0.039528023,0.045132916,0.91533905,0.8702061,0.3172227229913187,False,False,False,False
P937.JK,Company P937in ,PLAS.JK,"PLAS.JK,0P0000EJOZ,0",PT Polaris Investama Tbk,936,High Risk,High Risk,0,0.91533905,0.039528023,0.045132916,0.91533905,0.8702061,0.3172227229913187,False,False,False,False
P938.JK,Company P938in ,POOL.JK,"POOL.JK,0P0000EQUC,0",PT. Pool Advista Indonesia Tbk,937,High Risk,High Risk,0,0.91533905,0.039528023,0.045132916,0.91533905,0.8702061,0.3172227229913187,False,False,False,False
P939.JK,Company P939in ,POSA.JK,"POSA.JK,0P0001HEPA,0",PT Bliss Properti Indonesia Tbk,938,High Risk,High Risk,0,0.91476744,0.039794892,0.045437627,0.91476744,0.8693298,0.3188189170897302,False,False,False,False
P940.JK,Company P940in ,PRAS.JK,"PRAS.JK,0P0000EL05,0",PT. Prima Alloy Steel Universal Tbk,939,High Risk,High Risk,0,0.91533905,0.039528023,0.045132916,0.91533905,0.8702061,0.3172227229913187,False,False,False,False
P941.JK,Company P941in ,PURE.JK,"PURE.JK,0P0001IIHI,0",PT Trinitan Metals and Minerals Tbk,940,High Risk,High Risk,0,0.91533905,0.039528023,0.045132916,0.91533905,0.8702061,0.3172227229913187,False,False,False,False
R942.JK,Company R942in ,RIMO.JK,"RIMO.JK,0P0000BRSP,0",PT Rimo International Lestari Tbk,941,High Risk,High Risk,0,0.91533905,0.039528023,0.045132916,0.91533905,0.8702061,0.3172227229913187,False,False,False,False
S943.JK,Company S943in ,SCPI.JK,"SCPI.JK,0P0000B82V,0",Organon Pharma Indonesia PT,942,High Risk,High Risk,0,0.91533905,0.039528023,0.045132916,0.91533905,0.8702061,0.3172227229913187,False,False,False,False
S944.JK,Company S944in ,SIMA.JK,"SIMA.JK,0P0000C0M9,0",PT Siwani Makmur Tbk,943,High Risk,High Risk,0,0.91533905,0.039528023,0.045132916,0.91533905,0.8702061,0.3172227229913187,False,False,False,False
S945.JK,Company S945in ,SKYB.JK,"SKYB.JK,0P0000PSUD,0",PT Northcliff Citranusa Indonesia Tbk,944,High Risk,High Risk,0,0.91533905,0.039528023,0.045132916,0.91533905,0.8702061,0.3172227229913187,False,False,False,False
S946.JK,Company S946in ,SMRU.JK,"SMRU.JK,0P0000UBAV,0",PT SMR Utama Tbk,945,High Risk,High Risk,0,0.91476744,0.039794892,0.045437627,0.91476744,0.8693298,0.3188189170897302,False,False,False,False
S947.JK,Company S947in ,SUGI.JK,"SUGI.JK,0P0000BT07,0",,946,High Risk,High Risk,0,0.91533905,0.039528023,0.045132916,0.91533905,0.8702061,0.3172227229913187,False,False,False,False
T948.JK,Company T948in ,TDPM.JK,"TDPM.JK,0P0001D349,0",PT Tridomain Performance Materials Tbk,947,High Risk,High Risk,0,0.91533905,0.039528023,0.045132916,0.91533905,0.8702061,0.3172227229913187,False,False,False,False
T949.JK,Company T949in ,TECH.JK,"TECH.JK,0P0001K0MO,0",PT Indosterling Technomedia TBK,948,High Risk,High Risk,0,0.91533905,0.039528023,0.045132916,0.91533905,0.8702061,0.3172227229913187,False,False,False,False
T950.JK,Company T950in ,TRAM.JK,"TRAM.JK,0P0000I0JV,0",PT Trada Alam Minera Tbk,949,High Risk,High Risk,0,0.91533905,0.039528023,0.045132916,0.91533905,0.8702061,0.3172227229913187,False,False,False,False
T951.JK,Company T951in ,TRIL.JK,"TRIL.JK,0P0000EOL4,0",,950,High Risk,High Risk,0,0.91533905,0.039528023,0.045132916,0.91533905,0.8702061,0.3172227229913187,False,False,False,False
T952.JK,Company T952in ,TRIO.JK,"TRIO.JK,0P0000KSHE,0",,951,High Risk,High Risk,0,0.91476744,0.039794892,0.045437627,0.91476744,0.8693298,0.3188189170897302,False,False,False,False
U953.JK,Company U953in ,UNIT.JK,"UNIT.JK,0P0000EL10,0",PT Cahaya Permata Sejahtera Tbk,952,High Risk,High Risk,0,0.91533905,0.039528023,0.045132916,0.91533905,0.8702061,0.3172227229913187,False,False,False,False
W954.JK,Company W954in ,WMPP.JK,"WMPP.JK,0P0001NZ4Y,0",PT Widodo Makmur Perkasa Tbk,953,High Risk,High Risk,0,0.91476744,0.039794892,0.045437627,0.91476744,0.8693298,0.3188189170897302,False,False,False,False
